date,nav,acc_nav,change_pct
2010-02-23,1.1260,1.1860,-1.05
2010-02-24,1.1420,1.2020,1.42
2010-02-25,1.1570,1.2170,1.31
2010-02-26,1.1540,1.2140,-0.26
2010-03-01,1.1680,1.2280,1.21
2010-03-02,1.1640,1.2240,-0.34
2010-03-03,1.1710,1.2310,0.60
2010-03-04,1.1430,1.2030,-2.39
2010-03-05,1.1460,1.2060,0.26
2010-03-08,1.1550,1.2150,0.79
2010-03-09,1.1620,1.2220,0.61
2010-03-10,1.1530,1.2130,-0.77
2010-03-11,1.1520,1.2120,-0.09
2010-03-12,1.1370,1.1970,-1.30
2010-03-15,1.1200,1.1800,-1.50
2010-03-16,1.1270,1.1870,0.63
2010-03-17,1.1510,1.2110,2.13
2010-03-18,1.1480,1.2080,-0.26
2010-03-19,1.1570,1.2170,0.78
2010-03-22,1.1600,1.2200,0.26
2010-03-23,1.1510,1.2110,-0.78
2010-03-24,1.1510,1.2110,0.00
2010-03-25,1.1350,1.1950,-1.39
2010-03-26,1.1510,1.2110,1.41
2010-03-29,1.1780,1.2380,2.35
2010-03-30,1.1810,1.2410,0.25
2010-03-31,1.1740,1.2340,-0.59
2010-04-01,1.1890,1.2490,1.28
2010-04-02,1.1950,1.2550,0.50
2010-04-06,1.1940,1.2540,-0.08
2010-04-07,1.1880,1.2480,-0.50
2010-04-08,1.1740,1.2340,-1.18
2010-04-09,1.1850,1.2450,0.94
2010-04-12,1.1760,1.2360,-0.76
2010-04-13,1.1890,1.2490,1.11
2010-04-14,1.1930,1.2530,0.34
2010-04-15,1.1900,1.2500,-0.25
2010-04-16,1.1780,1.2380,-1.01
2010-04-19,1.1180,1.1780,-5.09
2010-04-20,1.1160,1.1760,-0.18
2010-04-21,1.1370,1.1970,1.88
2010-04-22,1.1250,1.1850,-1.06
2010-04-23,1.1210,1.1810,-0.36
2010-04-26,1.1150,1.1750,-0.54
2010-04-27,1.0870,1.1470,-2.51
2010-04-28,1.0830,1.1430,-0.37
2010-04-29,1.0710,1.1310,-1.11
2010-04-30,1.0750,1.1350,0.37
2010-05-04,1.0610,1.1210,-1.30
2010-05-05,1.0670,1.1270,0.57
2010-05-06,1.0210,1.0810,-4.31
2010-05-07,1.0010,1.0610,-1.96
2010-05-10,1.0090,1.0690,0.80
2010-05-11,0.9890,1.0490,-1.98
2010-05-12,0.9950,1.0550,0.61
2010-05-13,1.0180,1.0780,2.31
2010-05-14,1.0120,1.0720,-0.59
2010-05-17,0.9610,1.0210,-5.04
2010-05-18,0.9770,1.0370,1.66
2010-05-19,0.9740,1.0340,-0.31
2010-05-20,0.9620,1.0220,-1.23
2010-05-21,0.9770,1.0370,1.56
2010-05-24,1.0120,1.0720,3.58
2010-05-25,0.9920,1.0520,-1.98
2010-05-26,0.9920,1.0520,0.00
2010-05-27,1.0070,1.0670,1.51
2010-05-28,1.0040,1.0640,-0.30
2010-05-31,0.9790,1.0390,-2.49
2010-06-01,0.9690,1.0290,-1.02
2010-06-02,0.9740,1.0340,0.52
2010-06-03,0.9660,1.0260,-0.82
2010-06-04,0.9690,1.0290,0.31
2010-06-07,0.9530,1.0130,-1.65
2010-06-08,0.9540,1.0140,0.10
2010-06-09,0.9820,1.0420,2.94
2010-06-10,0.9710,1.0310,-1.12
2010-06-11,0.9740,1.0340,0.31
2010-06-17,0.9690,1.0290,-0.51
2010-06-18,0.9530,1.0130,-1.65
2010-06-21,0.9820,1.0420,3.04
2010-06-22,0.9830,1.0430,0.10
2010-06-23,0.9740,1.0340,-0.92
2010-06-24,0.9740,1.0340,0.00
2010-06-25,0.9670,1.0270,-0.72
2010-06-28,0.9610,1.0210,-0.62
2010-06-29,0.9190,0.9790,-4.37
2010-06-30,0.9080,0.9680,-1.20
2010-07-01,0.8960,0.9560,-1.32
2010-07-02,0.9000,0.9600,0.45
2010-07-05,0.8920,0.9520,-0.89
2010-07-06,0.9100,0.9700,2.02
2010-07-07,0.9160,0.9760,0.66
2010-07-08,0.9150,0.9750,-0.11
2010-07-09,0.9400,1.0000,2.73
2010-07-12,0.9500,1.0100,1.06
2010-07-13,0.9350,0.9950,-1.58
2010-07-14,0.9420,1.0020,0.75
2010-07-15,0.9260,0.9860,-1.70
2010-07-16,0.9290,0.9890,0.32
2010-07-19,0.9530,1.0130,2.58
2010-07-20,0.9730,1.0330,2.10
2010-07-21,0.9750,1.0350,0.21
2010-07-22,0.9870,1.0470,1.23
2010-07-23,0.9910,1.0510,0.41
2010-07-26,0.9970,1.0570,0.61
2010-07-27,0.9920,1.0520,-0.50
2010-07-28,1.0150,1.0750,2.32
2010-07-29,1.0200,1.0800,0.49
2010-07-30,1.0170,1.0770,-0.29
2010-08-02,1.0350,1.0950,1.77
2010-08-03,1.0180,1.0780,-1.64
2010-08-04,1.0220,1.0820,0.39
2010-08-05,1.0120,1.0720,-0.98
2010-08-06,1.0280,1.0880,1.58
2010-08-09,1.0350,1.0950,0.68
2010-08-10,1.0050,1.0650,-2.90
2010-08-11,1.0110,1.0710,0.60
2010-08-12,0.9990,1.0590,-1.19
2010-08-13,1.0130,1.0730,1.40
2010-08-16,1.0360,1.0960,2.27
2010-08-17,1.0430,1.1030,0.68
2010-08-18,1.0410,1.1010,-0.19
2010-08-19,1.0480,1.1080,0.67
2010-08-20,1.0280,1.0880,-1.91
2010-08-23,1.0270,1.0870,-0.10
2010-08-24,1.0320,1.0920,0.49
2010-08-25,1.0080,1.0680,-2.33
2010-08-26,1.0100,1.0700,0.20
2010-08-27,1.0130,1.0730,0.30
2010-08-30,1.0330,1.0930,1.97
2010-08-31,1.0280,1.0880,-0.48
2010-09-01,1.0220,1.0820,-0.58
2010-09-02,1.0340,1.0940,1.17
2010-09-03,1.0330,1.0930,-0.10
2010-09-06,1.0520,1.1120,1.84
2010-09-07,1.0540,1.1140,0.19
2010-09-08,1.0530,1.1130,-0.09
2010-09-09,1.0350,1.0950,-1.71
2010-09-10,1.0370,1.0970,0.19
2010-09-13,1.0470,1.1070,0.96
2010-09-14,1.0480,1.1080,0.10
2010-09-15,1.0300,1.0900,-1.72
2010-09-16,1.0120,1.0720,-1.75
2010-09-17,1.0130,1.0730,0.10
2010-09-20,1.0090,1.0690,-0.39
2010-09-21,1.0120,1.0720,0.30
2010-09-27,1.0270,1.0870,1.48
2010-09-28,1.0190,1.0790,-0.78
2010-09-29,1.0170,1.0770,-0.20
2010-09-30,1.0380,1.0980,2.06
2010-10-08,1.0740,1.1340,3.47
2010-10-11,1.1030,1.1630,2.70
2010-10-12,1.1170,1.1770,1.27
2010-10-13,1.1320,1.1920,1.34
2010-10-14,1.1330,1.1930,0.09
2010-10-15,1.1670,1.2270,3.00
2010-10-18,1.1600,1.2200,-0.60
2010-10-19,1.1830,1.2430,1.98
2010-10-20,1.1900,1.2500,0.59
2010-10-21,1.1830,1.2430,-0.59
2010-10-22,1.1840,1.2440,0.08
2010-10-25,1.2180,1.2780,2.87
2010-10-26,1.2130,1.2730,-0.41
2010-10-27,1.1930,1.2530,-1.65
2010-10-28,1.1900,1.2500,-0.25
2010-10-29,1.1840,1.2440,-0.50
2010-11-01,1.2140,1.2740,2.53
2010-11-02,1.2110,1.2710,-0.25
2010-11-03,1.1960,1.2560,-1.24
2010-11-04,1.2160,1.2760,1.67
2010-11-05,1.2290,1.2890,1.07
2010-11-08,1.2390,1.2990,0.81
2010-11-09,1.2300,1.2900,-0.73
2010-11-10,1.2210,1.2810,-0.73
2010-11-11,1.2250,1.2850,0.33
2010-11-12,1.1530,1.2130,-5.88
2010-11-15,1.1590,1.2190,0.52
2010-11-16,1.1100,1.1700,-4.23
2010-11-17,1.0860,1.1460,-2.16
2010-11-18,1.1010,1.1610,1.38
2010-11-19,1.1110,1.1710,0.91
2010-11-22,1.1090,1.1690,-0.18
2010-11-23,1.0870,1.1470,-1.98
2010-11-24,1.1110,1.1710,2.21
2010-11-25,1.1270,1.1870,1.44
2010-11-26,1.1180,1.1780,-0.80
2010-11-29,1.1160,1.1760,-0.18
2010-11-30,1.0980,1.1580,-1.61
2010-12-01,1.0980,1.1580,0.00
2010-12-02,1.1040,1.1640,0.55
2010-12-03,1.1050,1.1650,0.09
2010-12-06,1.1080,1.1680,0.27
2010-12-07,1.1190,1.1790,0.99
2010-12-08,1.1100,1.1700,-0.80
2010-12-09,1.0940,1.1540,-1.44
2010-12-10,1.1060,1.1660,1.10
2010-12-13,1.1390,1.1990,2.98
2010-12-14,1.1420,1.2020,0.26
2010-12-15,1.1350,1.1950,-0.61
2010-12-16,1.1290,1.1890,-0.53
2010-12-17,1.1270,1.1870,-0.18
2010-12-20,1.1120,1.1720,-1.33
2010-12-21,1.1350,1.1950,2.07
2010-12-22,1.1240,1.1840,-0.97
2010-12-23,1.1150,1.1750,-0.80
2010-12-24,1.1070,1.1670,-0.72
2010-12-27,1.0850,1.1450,-1.99
2010-12-28,1.0670,1.1270,-1.66
2010-12-29,1.0730,1.1330,0.56
2010-12-30,1.0730,1.1330,0.00
2010-12-31,1.0930,1.1530,1.86
2011-01-04,1.1140,1.1740,1.92
2011-01-05,1.1090,1.1690,-0.45
2011-01-06,1.1040,1.1640,-0.45
2011-01-07,1.1060,1.1660,0.18
2011-01-10,1.0870,1.1470,-1.72
2011-01-11,1.0920,1.1520,0.46
2011-01-12,1.0980,1.1580,0.55
2011-01-13,1.0980,1.1580,0.00
2011-01-14,1.0810,1.1410,-1.55
2011-01-17,1.0420,1.1020,-3.61
2011-01-18,1.0430,1.1030,0.10
2011-01-19,1.0650,1.1250,2.11
2011-01-20,1.0320,1.0920,-3.10
2011-01-21,1.0450,1.1050,1.26
2011-01-24,1.0350,1.0950,-0.96
2011-01-25,1.0300,1.0900,-0.48
2011-01-26,1.0430,1.1030,1.26
2011-01-27,1.0590,1.1190,1.53
2011-01-28,1.0620,1.1220,0.28
2011-01-31,1.0760,1.1360,1.32
2011-02-01,1.0760,1.1360,0.00
2011-02-09,1.0640,1.1240,-1.12
2011-02-10,1.0850,1.1450,1.97
2011-02-11,1.0900,1.1500,0.46
2011-02-14,1.1230,1.1830,3.03
2011-02-15,1.1220,1.1820,-0.09
2011-02-16,1.1320,1.1920,0.89
2011-02-17,1.1310,1.1910,-0.09
2011-02-18,1.1200,1.1800,-0.97
2011-02-21,1.1350,1.1950,1.34
2011-02-22,1.1040,1.1640,-2.73
2011-02-23,1.1080,1.1680,0.36
2011-02-24,1.1130,1.1730,0.45
2011-02-25,1.1150,1.1750,0.18
2011-02-28,1.1290,1.1890,1.26
2011-03-01,1.1340,1.1940,0.44
2011-03-02,1.1300,1.1900,-0.35
2011-03-03,1.1230,1.1830,-0.62
2011-03-04,1.1390,1.1990,1.42
2011-03-07,1.1600,1.2200,1.84
2011-03-08,1.1610,1.2210,0.09
2011-03-09,1.1620,1.2220,0.09
2011-03-10,1.1420,1.2020,-1.72
2011-03-11,1.1320,1.1920,-0.88
2011-03-14,1.1370,1.1970,0.44
2011-03-15,1.1170,1.1770,-1.76
2011-03-16,1.1320,1.1920,1.34
2011-03-17,1.1150,1.1750,-1.50
2011-03-18,1.1210,1.1810,0.54
2011-03-21,1.1180,1.1780,-0.27
2011-03-22,1.1230,1.1830,0.45
2011-03-23,1.1370,1.1970,1.25
2011-03-24,1.1320,1.1920,-0.44
2011-03-25,1.1470,1.2070,1.33
2011-03-28,1.1450,1.2050,-0.17
2011-03-29,1.1340,1.1940,-0.96
2011-03-30,1.1330,1.1930,-0.09
2011-03-31,1.1230,1.1830,-0.88
2011-04-01,1.1390,1.1990,1.42
2011-04-06,1.1510,1.2110,1.05
2011-04-07,1.1560,1.2160,0.43
2011-04-08,1.1650,1.2250,0.78
2011-04-11,1.1580,1.2180,-0.60
2011-04-12,1.1560,1.2160,-0.17
2011-04-13,1.1710,1.2310,1.30
2011-04-14,1.1650,1.2250,-0.51
2011-04-15,1.1670,1.2270,0.17
2011-04-18,1.1670,1.2270,0.00
2011-04-19,1.1460,1.2060,-1.80
2011-04-20,1.1460,1.2060,0.00
2011-04-21,1.1530,1.2130,0.61
2011-04-22,1.1470,1.2070,-0.52
2011-04-25,1.1310,1.1910,-1.39
2011-04-26,1.1250,1.1850,-0.53
2011-04-27,1.1180,1.1780,-0.62
2011-04-28,1.1020,1.1620,-1.43
2011-04-29,1.1130,1.1730,1.00
2011-05-03,1.1190,1.1790,0.54
2011-05-04,1.0920,1.1520,-2.41
2011-05-05,1.0910,1.1510,-0.09
2011-05-06,1.0890,1.1490,-0.18
2011-05-09,1.0910,1.1510,0.18
2011-05-10,1.0990,1.1590,0.73
2011-05-11,1.0970,1.1570,-0.18
2011-05-12,1.0830,1.1430,-1.28
2011-05-13,1.0910,1.1510,0.74
2011-05-16,1.0820,1.1420,-0.82
2011-05-17,1.0870,1.1470,0.46
2011-05-18,1.0950,1.1550,0.74
2011-05-19,1.0890,1.1490,-0.55
2011-05-20,1.0890,1.1490,0.00
2011-05-23,1.0560,1.1160,-3.03
2011-05-24,1.0570,1.1170,0.09
2011-05-25,1.0450,1.1050,-1.14
2011-05-26,1.0420,1.1020,-0.29
2011-05-27,1.0370,1.0970,-0.48
2011-05-30,1.0340,1.0940,-0.29
2011-05-31,1.0490,1.1090,1.45
2011-06-01,1.0510,1.1110,0.19
2011-06-02,1.0340,1.0940,-1.62
2011-06-03,1.0450,1.1050,1.06
2011-06-07,1.0510,1.1110,0.57
2011-06-08,1.0520,1.1120,0.10
2011-06-09,1.0340,1.0940,-1.71
2011-06-10,1.0380,1.0980,0.39
2011-06-13,1.0350,1.0950,-0.29
2011-06-14,1.0500,1.1100,1.45
2011-06-15,1.0400,1.1000,-0.95
2011-06-16,1.0260,1.0860,-1.35
2011-06-17,1.0170,1.0770,-0.88
2011-06-20,1.0120,1.0720,-0.49
2011-06-21,1.0230,1.0830,1.09
2011-06-22,1.0230,1.0830,0.00
2011-06-23,1.0400,1.1000,1.66
2011-06-24,1.0640,1.1240,2.31
2011-06-27,1.0670,1.1270,0.28
2011-06-28,1.0690,1.1290,0.19
2011-06-29,1.0550,1.1150,-1.31
2011-06-30,1.0700,1.1300,1.42
2011-07-01,1.0720,1.1320,0.19
2011-07-04,1.0960,1.1560,2.24
2011-07-05,1.0960,1.1560,0.00
2011-07-06,1.0930,1.1530,-0.27
2011-07-07,1.0900,1.1500,-0.27
2011-07-08,1.0920,1.1520,0.18
2011-07-11,1.0940,1.1540,0.18
2011-07-12,1.0750,1.1350,-1.74
2011-07-13,1.0910,1.1510,1.49
2011-07-14,1.0940,1.1540,0.28
2011-07-15,1.0990,1.1590,0.46
2011-07-18,1.0970,1.1570,-0.18
2011-07-19,1.0880,1.1480,-0.82
2011-07-20,1.0860,1.1460,-0.18
2011-07-21,1.0760,1.1360,-0.92
2011-07-22,1.0790,1.1390,0.28
2011-07-25,1.0450,1.1050,-3.15
2011-07-26,1.0490,1.1090,0.38
2011-07-27,1.0560,1.1160,0.67
2011-07-28,1.0500,1.1100,-0.57
2011-07-29,1.0470,1.1070,-0.29
2011-08-01,1.0490,1.1090,0.19
2011-08-02,1.0420,1.1020,-0.67
2011-08-03,1.0410,1.1010,-0.10
2011-08-04,1.0430,1.1030,0.19
2011-08-05,1.0220,1.0820,-2.01
2011-08-08,0.9870,1.0470,-3.42
2011-08-09,0.9890,1.0490,0.20
2011-08-10,0.9970,1.0570,0.81
2011-08-11,1.0120,1.0720,1.50
2011-08-12,1.0150,1.0750,0.30
2011-08-15,1.0290,1.0890,1.38
2011-08-16,1.0220,1.0820,-0.68
2011-08-17,1.0180,1.0780,-0.39
2011-08-18,1.0010,1.0610,-1.67
2011-08-19,0.9920,1.0520,-0.90
2011-08-22,0.9820,1.0420,-1.01
2011-08-23,0.9970,1.0570,1.53
2011-08-24,0.9930,1.0530,-0.40
2011-08-25,1.0250,1.0850,3.22
2011-08-26,1.0240,1.0840,-0.10
2011-08-29,1.0070,1.0670,-1.66
2011-08-30,1.0040,1.0640,-0.30
2011-08-31,1.0050,1.0650,0.10
2011-09-01,1.0010,1.0610,-0.40
2011-09-02,0.9910,1.0510,-1.00
2011-09-05,0.9710,1.0310,-2.02
2011-09-06,0.9640,1.0240,-0.72
2011-09-07,0.9830,1.0430,1.97
2011-09-08,0.9750,1.0350,-0.81
2011-09-09,0.9730,1.0330,-0.21
2011-09-13,0.9630,1.0230,-1.03
2011-09-14,0.9670,1.0270,0.42
2011-09-15,0.9660,1.0260,-0.10
2011-09-16,0.9670,1.0270,0.10
2011-09-19,0.9490,1.0090,-1.86
2011-09-20,0.9530,1.0130,0.42
2011-09-21,0.9800,1.0400,2.83
2011-09-22,0.9510,1.0110,-2.96
2011-09-23,0.9460,1.0060,-0.53
2011-09-26,0.9260,0.9860,-2.11
2011-09-27,0.9350,0.9950,0.97
2011-09-28,0.9260,0.9860,-0.96
2011-09-29,0.9180,0.9780,-0.86
2011-09-30,0.9160,0.9760,-0.22
2011-10-10,0.9070,0.9670,-0.98
2011-10-11,0.9060,0.9660,-0.11
2011-10-12,0.9370,0.9970,3.42
2011-10-13,0.9430,1.0030,0.64
2011-10-14,0.9400,1.0000,-0.32
2011-10-17,0.9450,1.0050,0.53
2011-10-18,0.9190,0.9790,-2.75
2011-10-19,0.9160,0.9760,-0.33
2011-10-20,0.8950,0.9550,-2.29
2011-10-21,0.8910,0.9510,-0.45
2011-10-24,0.9140,0.9740,2.58
2011-10-25,0.9300,0.9900,1.75
2011-10-26,0.9390,0.9990,0.97
2011-10-27,0.9410,1.0010,0.21
2011-10-28,0.9590,1.0190,1.91
2011-10-31,0.9540,1.0140,-0.52
2011-11-01,0.9550,1.0150,0.10
2011-11-02,0.9700,1.0300,1.57
2011-11-03,0.9700,1.0300,0.00
2011-11-04,0.9770,1.0370,0.72
2011-11-07,0.9670,1.0270,-1.02
2011-11-08,0.9650,1.0250,-0.21
2011-11-09,0.9720,1.0320,0.73
2011-11-10,0.9550,1.0150,-1.75
2011-11-11,0.9530,1.0130,-0.21
2011-11-14,0.9720,1.0320,1.99
2011-11-15,0.9700,1.0300,-0.21
2011-11-16,0.9450,1.0050,-2.58
2011-11-17,0.9420,1.0020,-0.32
2011-11-18,0.9230,0.9830,-2.02
2011-11-21,0.9240,0.9840,0.11
2011-11-22,0.9240,0.9840,0.00
2011-11-23,0.9160,0.9760,-0.87
2011-11-24,0.9170,0.9770,0.11
2011-11-25,0.9110,0.9710,-0.65
2011-11-28,0.9120,0.9720,0.11
2011-11-29,0.9240,0.9840,1.32
2011-11-30,0.8940,0.9540,-3.25
2011-12-01,0.9150,0.9750,2.35
2011-12-02,0.9060,0.9660,-0.98
2011-12-05,0.8940,0.9540,-1.32
2011-12-06,0.8930,0.9530,-0.11
2011-12-07,0.8970,0.9570,0.45
2011-12-08,0.8960,0.9560,-0.11
2011-12-09,0.8880,0.9480,-0.89
2011-12-12,0.8800,0.9400,-0.90
2011-12-13,0.8610,0.9210,-2.16
2011-12-14,0.8530,0.9130,-0.93
2011-12-15,0.8330,0.8930,-2.34
2011-12-16,0.8500,0.9100,2.04
2011-12-19,0.8480,0.9080,-0.24
2011-12-20,0.8450,0.9050,-0.35
2011-12-21,0.8320,0.8920,-1.54
2011-12-22,0.8330,0.8930,0.12
2011-12-23,0.8390,0.8990,0.72
2011-12-26,0.8310,0.8910,-0.95
2011-12-27,0.8210,0.8810,-1.20
2011-12-28,0.8220,0.8820,0.12
2011-12-29,0.8230,0.8830,0.12
2011-12-30,0.8350,0.8950,1.46
2011-12-31,0.8350,0.8950,0.00
2012-01-04,0.8190,0.8790,-1.92
2012-01-05,0.8120,0.8720,-0.85
2012-01-06,0.8170,0.8770,0.62
2012-01-09,0.8430,0.9030,3.18
2012-01-10,0.8700,0.9300,3.20
2012-01-11,0.8660,0.9260,-0.46
2012-01-12,0.8660,0.9260,0.00
2012-01-13,0.8520,0.9120,-1.62
2012-01-16,0.8350,0.8950,-2.00
2012-01-17,0.8740,0.9340,4.67
2012-01-18,0.8620,0.9220,-1.37
2012-01-19,0.8770,0.9370,1.74
2012-01-20,0.8890,0.9490,1.37
2012-01-30,0.8740,0.9340,-1.69
2012-01-31,0.8760,0.9360,0.23
2012-02-01,0.8640,0.9240,-1.37
2012-02-02,0.8830,0.9430,2.20
2012-02-03,0.8900,0.9500,0.79
2012-02-06,0.8890,0.9490,-0.11
2012-02-07,0.8730,0.9330,-1.80
2012-02-08,0.8970,0.9570,2.75
2012-02-09,0.8970,0.9570,0.00
2012-02-10,0.8990,0.9590,0.22
2012-02-13,0.8980,0.9580,-0.11
2012-02-14,0.8950,0.9550,-0.33
2012-02-15,0.9040,0.9640,1.01
2012-02-16,0.8990,0.9590,-0.55
2012-02-17,0.9000,0.9600,0.11
2012-02-20,0.9010,0.9610,0.11
2012-02-21,0.9080,0.9680,0.78
2012-02-22,0.9190,0.9790,1.21
2012-02-23,0.9220,0.9820,0.33
2012-02-24,0.9360,0.9960,1.52
2012-02-27,0.9390,0.9990,0.32
2012-02-28,0.9410,1.0010,0.21
2012-02-29,0.9320,0.9920,-0.96
2012-03-01,0.9320,0.9920,0.00
2012-03-02,0.9470,1.0070,1.61
2012-03-05,0.9410,1.0010,-0.63
2012-03-06,0.9270,0.9870,-1.49
2012-03-07,0.9210,0.9810,-0.65
2012-03-08,0.9320,0.9920,1.19
2012-03-09,0.9420,1.0020,1.07
2012-03-12,0.9380,0.9980,-0.42
2012-03-13,0.9470,1.0070,0.96
2012-03-14,0.9220,0.9820,-2.64
2012-03-15,0.9150,0.9750,-0.76
2012-03-16,0.9280,0.9880,1.42
2012-03-19,0.9300,0.9900,0.22
2012-03-20,0.9150,0.9750,-1.61
2012-03-21,0.9160,0.9760,0.11
2012-03-22,0.9140,0.9740,-0.22
2012-03-23,0.9040,0.9640,-1.09
2012-03-26,0.9050,0.9650,0.11
2012-03-27,0.9020,0.9620,-0.33
2012-03-28,0.8780,0.9380,-2.66
2012-03-29,0.8670,0.9270,-1.25
2012-03-30,0.8710,0.9310,0.46
2012-03-31,0.8710,0.9310,0.00
2012-04-05,0.8900,0.9500,2.18
2012-04-06,0.8930,0.9530,0.34
2012-04-09,0.8840,0.9440,-1.01
2012-04-10,0.8930,0.9530,1.02
2012-04-11,0.8930,0.9530,0.00
2012-04-12,0.9100,0.9700,1.90
2012-04-13,0.9130,0.9730,0.33
2012-04-16,0.9110,0.9710,-0.22
2012-04-17,0.9000,0.9600,-1.21
2012-04-18,0.9190,0.9790,2.11
2012-04-19,0.9180,0.9780,-0.11
2012-04-20,0.9280,0.9880,1.09
2012-04-23,0.9210,0.9810,-0.75
2012-04-24,0.9210,0.9810,0.00
2012-04-25,0.9280,0.9880,0.76
2012-04-26,0.9300,0.9900,0.22
2012-04-27,0.9280,0.9880,-0.22
2012-05-02,0.9470,1.0070,2.05
2012-05-03,0.9500,1.0100,0.32
2012-05-04,0.9570,1.0170,0.74
2012-05-07,0.9580,1.0180,0.10
2012-05-08,0.9550,1.0150,-0.31
2012-05-09,0.9380,0.9980,-1.78
2012-05-10,0.9380,0.9980,0.00
2012-05-11,0.9310,0.9910,-0.75
2012-05-14,0.9240,0.9840,-0.75
2012-05-15,0.9250,0.9850,0.11
2012-05-16,0.9100,0.9700,-1.62
2012-05-17,0.9230,0.9830,1.43
2012-05-18,0.9100,0.9700,-1.41
2012-05-21,0.9150,0.9750,0.55
2012-05-22,0.9280,0.9880,1.42
2012-05-23,0.9250,0.9850,-0.32
2012-05-24,0.9170,0.9770,-0.86
2012-05-25,0.9100,0.9700,-0.76
2012-05-28,0.9240,0.9840,1.54
2012-05-29,0.9360,0.9960,1.30
2012-05-30,0.9330,0.9930,-0.32
2012-05-31,0.9310,0.9910,-0.21
2012-06-01,0.9310,0.9910,0.00
2012-06-04,0.9060,0.9660,-2.69
2012-06-05,0.9060,0.9660,0.00
2012-06-06,0.9060,0.9660,0.00
2012-06-07,0.9020,0.9620,-0.44
2012-06-08,0.8960,0.9560,-0.67
2012-06-11,0.9080,0.9680,1.34
2012-06-12,0.9020,0.9620,-0.66
2012-06-13,0.9160,0.9760,1.55
2012-06-14,0.9100,0.9700,-0.66
2012-06-15,0.9130,0.9730,0.33
2012-06-18,0.9180,0.9780,0.55
2012-06-19,0.9110,0.9710,-0.76
2012-06-20,0.9090,0.9690,-0.22
2012-06-21,0.8960,0.9560,-1.43
2012-06-25,0.8780,0.9380,-2.01
2012-06-26,0.8790,0.9390,0.11
2012-06-27,0.8770,0.9370,-0.23
2012-06-28,0.8700,0.9300,-0.80
2012-06-29,0.8820,0.9420,1.38
2012-06-30,0.8820,0.9420,0.00
2012-07-02,0.8840,0.9440,0.23
2012-07-03,0.8850,0.9450,0.11
2012-07-04,0.8840,0.9440,-0.11
2012-07-05,0.8720,0.9320,-1.36
2012-07-06,0.8870,0.9470,1.72
2012-07-09,0.8680,0.9280,-2.14
2012-07-10,0.8650,0.9250,-0.35
2012-07-11,0.8720,0.9320,0.81
2012-07-12,0.8800,0.9400,0.92
2012-07-13,0.8800,0.9400,0.00
2012-07-16,0.8630,0.9230,-1.93
2012-07-17,0.8680,0.9280,0.58
2012-07-18,0.8680,0.9280,0.00
2012-07-19,0.8720,0.9320,0.46
2012-07-20,0.8630,0.9230,-1.03
2012-07-23,0.8520,0.9120,-1.27
2012-07-24,0.8560,0.9160,0.47
2012-07-25,0.8500,0.9100,-0.70
2012-07-26,0.8460,0.9060,-0.47
2012-07-27,0.8460,0.9060,0.00
2012-07-30,0.8420,0.9020,-0.47
2012-07-31,0.8410,0.9010,-0.12
2012-08-01,0.8500,0.9100,1.07
2012-08-02,0.8420,0.9020,-0.94
2012-08-03,0.8490,0.9090,0.83
2012-08-06,0.8600,0.9200,1.30
2012-08-07,0.8610,0.9210,0.12
2012-08-08,0.8610,0.9210,0.00
2012-08-09,0.8690,0.9290,0.93
2012-08-10,0.8650,0.9250,-0.46
2012-08-13,0.8480,0.9080,-1.97
2012-08-14,0.8500,0.9100,0.24
2012-08-15,0.8410,0.9010,-1.06
2012-08-16,0.8370,0.8970,-0.48
2012-08-17,0.8350,0.8950,-0.24
2012-08-20,0.8310,0.8910,-0.48
2012-08-21,0.8350,0.8950,0.48
2012-08-22,0.8290,0.8890,-0.72
2012-08-23,0.8310,0.8910,0.24
2012-08-24,0.8220,0.8820,-1.08
2012-08-27,0.8050,0.8650,-2.07
2012-08-28,0.8090,0.8690,0.50
2012-08-29,0.8010,0.8610,-0.99
2012-08-30,0.8000,0.8600,-0.12
2012-08-31,0.7970,0.8570,-0.38
2012-09-03,0.8060,0.8660,1.13
2012-09-04,0.7980,0.8580,-0.99
2012-09-05,0.7960,0.8560,-0.25
2012-09-06,0.8020,0.8620,0.75
2012-09-07,0.8370,0.8970,4.36
2012-09-10,0.8400,0.9000,0.36
2012-09-11,0.8340,0.8940,-0.71
2012-09-12,0.8370,0.8970,0.36
2012-09-13,0.8300,0.8900,-0.84
2012-09-14,0.8360,0.8960,0.72
2012-09-17,0.8160,0.8760,-2.39
2012-09-18,0.8080,0.8680,-0.98
2012-09-19,0.8120,0.8720,0.50
2012-09-20,0.7920,0.8520,-2.46
2012-09-21,0.7930,0.8530,0.13
2012-09-24,0.7990,0.8590,0.76
2012-09-25,0.7970,0.8570,-0.25
2012-09-26,0.7890,0.8490,-1.00
2012-09-27,0.8120,0.8720,2.92
2012-09-28,0.8260,0.8860,1.72
2012-09-30,0.8260,0.8860,0.00
2012-10-08,0.8180,0.8780,-0.97
2012-10-09,0.8350,0.8950,2.08
2012-10-10,0.8360,0.8960,0.12
2012-10-11,0.8290,0.8890,-0.84
2012-10-12,0.8300,0.8900,0.12
2012-10-15,0.8260,0.8860,-0.48
2012-10-16,0.8280,0.8880,0.24
2012-10-17,0.8280,0.8880,0.00
2012-10-18,0.8410,0.9010,1.57
2012-10-19,0.8390,0.8990,-0.24
2012-10-22,0.8420,0.9020,0.36
2012-10-23,0.8320,0.8920,-1.19
2012-10-24,0.8310,0.8910,-0.12
2012-10-25,0.8250,0.8850,-0.72
2012-10-26,0.8100,0.8700,-1.82
2012-10-29,0.8060,0.8660,-0.49
2012-10-30,0.8070,0.8670,0.12
2012-10-31,0.8130,0.8730,0.74
2012-11-01,0.8270,0.8870,1.72
2012-11-02,0.8300,0.8900,0.36
2012-11-05,0.8290,0.8890,-0.12
2012-11-06,0.8250,0.8850,-0.48
2012-11-07,0.8240,0.8840,-0.12
2012-11-08,0.8090,0.8690,-1.82
2012-11-09,0.8080,0.8680,-0.12
2012-11-12,0.8120,0.8720,0.50
2012-11-13,0.7980,0.8580,-1.72
2012-11-14,0.8020,0.8620,0.50
2012-11-15,0.7910,0.8510,-1.37
2012-11-16,0.7860,0.8460,-0.63
2012-11-19,0.7850,0.8450,-0.13
2012-11-20,0.7810,0.8410,-0.51
2012-11-21,0.7920,0.8520,1.41
2012-11-22,0.7860,0.8460,-0.76
2012-11-23,0.7910,0.8510,0.64
2012-11-26,0.7850,0.8450,-0.76
2012-11-27,0.7760,0.8360,-1.15
2012-11-28,0.7690,0.8290,-0.90
2012-11-29,0.7640,0.8240,-0.65
2012-11-30,0.7720,0.8320,1.05
2012-12-03,0.7620,0.8220,-1.30
2012-12-04,0.7690,0.8290,0.92
2012-12-05,0.7960,0.8560,3.51
2012-12-06,0.7940,0.8540,-0.25
2012-12-07,0.8090,0.8690,1.89
2012-12-10,0.8180,0.8780,1.11
2012-12-11,0.8130,0.8730,-0.61
2012-12-12,0.8160,0.8760,0.37
2012-12-13,0.8080,0.8680,-0.98
2012-12-14,0.8470,0.9070,4.83
2012-12-17,0.8510,0.9110,0.47
2012-12-18,0.8510,0.9110,0.00
2012-12-19,0.8520,0.9120,0.12
2012-12-20,0.8570,0.9170,0.59
2012-12-21,0.8530,0.9130,-0.47
2012-12-24,0.8560,0.9160,0.35
2012-12-25,0.8790,0.9390,2.69
2012-12-26,0.8820,0.9420,0.34
2012-12-27,0.8780,0.9380,-0.45
2012-12-28,0.8900,0.9500,1.37
2012-12-31,0.9050,0.9650,1.69
2013-01-04,0.9060,0.9660,0.11
2013-01-07,0.9100,0.9700,0.44
2013-01-08,0.9060,0.9660,-0.44
2013-01-09,0.9060,0.9660,0.00
2013-01-10,0.9080,0.9680,0.22
2013-01-11,0.8910,0.9510,-1.87
2013-01-14,0.9240,0.9840,3.70
2013-01-15,0.9300,0.9900,0.65
2013-01-16,0.9240,0.9840,-0.65
2013-01-17,0.9150,0.9750,-0.97
2013-01-18,0.9310,0.9910,1.75
2013-01-21,0.9350,0.9950,0.43
2013-01-22,0.9300,0.9900,-0.53
2013-01-23,0.9340,0.9940,0.43
2013-01-24,0.9260,0.9860,-0.86
2013-01-25,0.9220,0.9820,-0.43
2013-01-28,0.9500,1.0100,3.04
2013-01-29,0.9580,1.0180,0.84
2013-01-30,0.9620,1.0220,0.42
2013-01-31,0.9620,1.0220,0.00
2013-02-01,0.9810,1.0410,1.98
2013-02-04,0.9830,1.0430,0.20
2013-02-05,0.9910,1.0510,0.81
2013-02-06,0.9920,1.0520,0.10
2013-02-07,0.9870,1.0470,-0.50
2013-02-08,0.9900,1.0500,0.30
2013-02-18,0.9790,1.0390,-1.11
2013-02-19,0.9610,1.0210,-1.84
2013-02-20,0.9670,1.0270,0.62
2013-02-21,0.9350,0.9950,-3.31
2013-02-22,0.9300,0.9900,-0.53
2013-02-25,0.9330,0.9930,0.32
2013-02-26,0.9210,0.9810,-1.29
2013-02-27,0.9280,0.9880,0.76
2013-02-28,0.9550,1.0150,2.91
2013-03-01,0.9530,1.0130,-0.21
2013-03-04,0.9110,0.9710,-4.41
2013-03-05,0.9380,0.9980,2.96
2013-03-06,0.9470,1.0070,0.96
2013-03-07,0.9360,0.9960,-1.16
2013-03-08,0.9320,0.9920,-0.43
2013-03-11,0.9270,0.9870,-0.54
2013-03-12,0.9140,0.9740,-1.40
2013-03-13,0.9050,0.9650,-0.98
2013-03-14,0.9070,0.9670,0.22
2013-03-15,0.9090,0.9690,0.22
2013-03-18,0.8960,0.9560,-1.43
2013-03-19,0.9040,0.9640,0.89
2013-03-20,0.9330,0.9930,3.21
2013-03-21,0.9350,0.9950,0.21
2013-03-22,0.9360,0.9960,0.11
2013-03-25,0.9340,0.9940,-0.21
2013-03-26,0.9210,0.9810,-1.39
2013-03-27,0.9240,0.9840,0.33
2013-03-28,0.8950,0.9550,-3.14
2013-03-29,0.8940,0.9540,-0.11
2013-04-01,0.8920,0.9520,-0.22
2013-04-02,0.8900,0.9500,-0.22
2013-04-03,0.8890,0.9490,-0.11
2013-04-08,0.8850,0.9450,-0.45
2013-04-09,0.8910,0.9510,0.68
2013-04-10,0.8900,0.9500,-0.11
2013-04-11,0.8870,0.9470,-0.34
2013-04-12,0.8820,0.9420,-0.56
2013-04-15,0.8730,0.9330,-1.02
2013-04-16,0.8810,0.9410,0.92
2013-04-17,0.8810,0.9410,0.00
2013-04-18,0.8830,0.9430,0.23
2013-04-19,0.9060,0.9660,2.60
2013-04-22,0.9050,0.9650,-0.11
2013-04-23,0.8780,0.9380,-2.98
2013-04-24,0.8930,0.9530,1.71
2013-04-25,0.8840,0.9440,-1.01
2013-04-26,0.8770,0.9370,-0.79
2013-05-02,0.8780,0.9380,0.11
2013-05-03,0.8940,0.9540,1.82
2013-05-06,0.9040,0.9640,1.12
2013-05-07,0.9050,0.9650,0.11
2013-05-08,0.9090,0.9690,0.44
2013-05-09,0.9040,0.9640,-0.55
2013-05-10,0.9080,0.9680,0.44
2013-05-13,0.9040,0.9640,-0.44
2013-05-14,0.8910,0.9510,-1.44
2013-05-15,0.8960,0.9560,0.56
2013-05-16,0.9120,0.9720,1.79
2013-05-17,0.9260,0.9860,1.54
2013-05-20,0.9310,0.9910,0.54
2013-05-21,0.9330,0.9930,0.21
2013-05-22,0.9340,0.9940,0.11
2013-05-23,0.9230,0.9830,-1.18
2013-05-24,0.9280,0.9880,0.54
2013-05-27,0.9290,0.9890,0.11
2013-05-28,0.9440,1.0040,1.61
2013-05-29,0.9430,1.0030,-0.11
2013-05-30,0.9400,1.0000,-0.32
2013-05-31,0.9290,0.9890,-1.17
2013-06-03,0.9290,0.9890,0.00
2013-06-04,0.9170,0.9770,-1.29
2013-06-05,0.9150,0.9750,-0.22
2013-06-06,0.9040,0.9640,-1.20
2013-06-07,0.8900,0.9500,-1.55
2013-06-13,0.8620,0.9220,-3.15
2013-06-14,0.8680,0.9280,0.70
2013-06-17,0.8620,0.9220,-0.69
2013-06-18,0.8690,0.9290,0.81
2013-06-19,0.8620,0.9220,-0.81
2013-06-20,0.8350,0.8950,-3.13
2013-06-21,0.8350,0.8950,0.00
2013-06-24,0.7840,0.8440,-6.11
2013-06-25,0.7820,0.8420,-0.26
2013-06-26,0.7840,0.8440,0.26
2013-06-27,0.7830,0.8430,-0.13
2013-06-28,0.7990,0.8590,2.04
2013-06-30,0.7990,0.8590,0.00
2013-07-01,0.8030,0.8630,0.50
2013-07-02,0.8050,0.8650,0.25
2013-07-03,0.7990,0.8590,-0.75
2013-07-04,0.8060,0.8660,0.88
2013-07-05,0.8100,0.8700,0.50
2013-07-08,0.7880,0.8480,-2.72
2013-07-09,0.7880,0.8480,0.00
2013-07-10,0.8100,0.8700,2.79
2013-07-11,0.8500,0.9100,4.94
2013-07-12,0.8320,0.8920,-2.12
2013-07-15,0.8430,0.9030,1.32
2013-07-16,0.8460,0.9060,0.36
2013-07-17,0.8350,0.8950,-1.30
2013-07-18,0.8210,0.8810,-1.68
2013-07-19,0.8010,0.8610,-2.44
2013-07-22,0.8050,0.8650,0.50
2013-07-23,0.8280,0.8880,2.86
2013-07-24,0.8210,0.8810,-0.85
2013-07-25,0.8170,0.8770,-0.49
2013-07-26,0.8130,0.8730,-0.49
2013-07-29,0.7950,0.8550,-2.21
2013-07-30,0.8000,0.8600,0.63
2013-07-31,0.8020,0.8620,0.25
2013-08-01,0.8210,0.8810,2.37
2013-08-02,0.8220,0.8820,0.12
2013-08-05,0.8330,0.8930,1.34
2013-08-06,0.8390,0.8990,0.72
2013-08-07,0.8350,0.8950,-0.48
2013-08-08,0.8330,0.8930,-0.24
2013-08-09,0.8360,0.8960,0.36
2013-08-12,0.8600,0.9200,2.87
2013-08-13,0.8640,0.9240,0.47
2013-08-14,0.8600,0.9200,-0.46
2013-08-15,0.8490,0.9090,-1.28
2013-08-16,0.8440,0.9040,-0.59
2013-08-19,0.8530,0.9130,1.07
2013-08-20,0.8460,0.9060,-0.82
2013-08-21,0.8440,0.9040,-0.24
2013-08-22,0.8420,0.9020,-0.24
2013-08-23,0.8350,0.8950,-0.83
2013-08-26,0.8520,0.9120,2.04
2013-08-27,0.8540,0.9140,0.23
2013-08-28,0.8480,0.9080,-0.70
2013-08-29,0.8450,0.9050,-0.35
2013-08-30,0.8440,0.9040,-0.12
2013-09-02,0.8440,0.9040,0.00
2013-09-03,0.8570,0.9170,1.54
2013-09-04,0.8560,0.9160,-0.12
2013-09-05,0.8540,0.9140,-0.23
2013-09-06,0.8580,0.9180,0.47
2013-09-09,0.8850,0.9450,3.15
2013-09-10,0.8980,0.9580,1.47
2013-09-11,0.9000,0.9600,0.22
2013-09-12,0.9090,0.9690,1.00
2013-09-13,0.9030,0.9630,-0.66
2013-09-16,0.9000,0.9600,-0.33
2013-09-17,0.8820,0.9420,-2.00
2013-09-18,0.8840,0.9440,0.23
2013-09-23,0.8980,0.9580,1.58
2013-09-24,0.8880,0.9480,-1.11
2013-09-25,0.8830,0.9430,-0.56
2013-09-26,0.8680,0.9280,-1.70
2013-09-27,0.8710,0.9310,0.35
2013-09-30,0.8750,0.9350,0.46
2013-10-08,0.8870,0.9470,1.37
2013-10-09,0.8920,0.9520,0.56
2013-10-10,0.8850,0.9450,-0.78
2013-10-11,0.8980,0.9580,1.47
2013-10-14,0.8980,0.9580,0.00
2013-10-15,0.8970,0.9570,-0.11
2013-10-16,0.8820,0.9420,-1.67
2013-10-17,0.8790,0.9390,-0.34
2013-10-18,0.8840,0.9440,0.57
2013-10-21,0.9010,0.9610,1.92
2013-10-22,0.8930,0.9530,-0.89
2013-10-23,0.8830,0.9430,-1.12
2013-10-24,0.8780,0.9380,-0.57
2013-10-25,0.8680,0.9280,-1.14
2013-10-28,0.8670,0.9270,-0.12
2013-10-29,0.8690,0.9290,0.23
2013-10-30,0.8820,0.9420,1.50
2013-10-31,0.8700,0.9300,-1.36
2013-11-01,0.8740,0.9340,0.46
2013-11-04,0.8730,0.9330,-0.11
2013-11-05,0.8740,0.9340,0.11
2013-11-06,0.8630,0.9230,-1.26
2013-11-07,0.8590,0.9190,-0.46
2013-11-08,0.8470,0.9070,-1.40
2013-11-11,0.8500,0.9100,0.35
2013-11-12,0.8570,0.9170,0.82
2013-11-13,0.8390,0.8990,-2.10
2013-11-14,0.8440,0.9040,0.60
2013-11-15,0.8610,0.9210,2.01
2013-11-18,0.8880,0.9480,3.14
2013-11-19,0.8830,0.9430,-0.56
2013-11-20,0.8860,0.9460,0.34
2013-11-21,0.8790,0.9390,-0.79
2013-11-22,0.8750,0.9350,-0.46
2013-11-25,0.8720,0.9320,-0.34
2013-11-26,0.8730,0.9330,0.11
2013-11-27,0.8820,0.9420,1.03
2013-11-28,0.8910,0.9510,1.02
2013-11-29,0.8900,0.9500,-0.11
2013-12-02,0.8840,0.9440,-0.67
2013-12-03,0.8920,0.9520,0.91
2013-12-04,0.9030,0.9630,1.23
2013-12-05,0.9010,0.9610,-0.22
2013-12-06,0.8950,0.9550,-0.67
2013-12-09,0.8950,0.9550,0.00
2013-12-10,0.8950,0.9550,0.00
2013-12-11,0.8820,0.9420,-1.45
2013-12-12,0.8810,0.9410,-0.11
2013-12-13,0.8810,0.9410,0.00
2013-12-16,0.8680,0.9280,-1.48
2013-12-17,0.8630,0.9230,-0.58
2013-12-18,0.8640,0.9240,0.12
2013-12-19,0.8550,0.9150,-1.04
2013-12-20,0.8350,0.8950,-2.34
2013-12-23,0.8380,0.8980,0.36
2013-12-24,0.8390,0.8990,0.12
2013-12-25,0.8460,0.9060,0.83
2013-12-26,0.8310,0.8910,-1.77
2013-12-27,0.8440,0.9040,1.56
2013-12-30,0.8430,0.9030,-0.12
2013-12-31,0.8540,0.9140,1.30
2014-01-02,0.8480,0.9080,-0.70
2014-01-03,0.8360,0.8960,-1.42
2014-01-06,0.8160,0.8760,-2.39
2014-01-07,0.8160,0.8760,0.00
2014-01-08,0.8150,0.8750,-0.12
2014-01-09,0.8090,0.8690,-0.74
2014-01-10,0.8030,0.8630,-0.74
2014-01-13,0.7970,0.8570,-0.75
2014-01-14,0.8070,0.8670,1.25
2014-01-15,0.8060,0.8660,-0.12
2014-01-16,0.8060,0.8660,0.00
2014-01-17,0.7950,0.8550,-1.36
2014-01-20,0.7910,0.8510,-0.50
2014-01-21,0.8000,0.8600,1.14
2014-01-22,0.8210,0.8810,2.63
2014-01-23,0.8190,0.8790,-0.24
2014-01-24,0.8240,0.8840,0.61
2014-01-27,0.8140,0.8740,-1.21
2014-01-28,0.8170,0.8770,0.37
2014-01-29,0.8190,0.8790,0.24
2014-01-30,0.8080,0.8680,-1.34
2014-02-07,0.8120,0.8720,0.50
2014-02-10,0.8340,0.8940,2.71
2014-02-11,0.8390,0.8990,0.60
2014-02-12,0.8420,0.9020,0.36
2014-02-13,0.8370,0.8970,-0.59
2014-02-14,0.8420,0.9020,0.60
2014-02-17,0.8480,0.9080,0.71
2014-02-18,0.8380,0.8980,-1.18
2014-02-19,0.8450,0.9050,0.84
2014-02-20,0.8380,0.8980,-0.83
2014-02-21,0.8290,0.8890,-1.07
2014-02-24,0.8110,0.8710,-2.17
2014-02-25,0.7890,0.8490,-2.71
2014-02-26,0.7900,0.8500,0.13
2014-02-27,0.7830,0.8430,-0.89
2014-02-28,0.7950,0.8550,1.53
2014-03-03,0.7980,0.8580,0.38
2014-03-04,0.7960,0.8560,-0.25
2014-03-05,0.7890,0.8490,-0.88
2014-03-06,0.7940,0.8540,0.63
2014-03-07,0.7920,0.8520,-0.25
2014-03-10,0.7600,0.8200,-4.04
2014-03-11,0.7670,0.8270,0.92
2014-03-12,0.7700,0.8300,0.39
2014-03-13,0.7790,0.8390,1.17
2014-03-14,0.7730,0.8330,-0.77
2014-03-17,0.7820,0.8420,1.16
2014-03-18,0.7780,0.8380,-0.51
2014-03-19,0.7720,0.8320,-0.77
2014-03-20,0.7600,0.8200,-1.55
2014-03-21,0.7870,0.8470,3.55
2014-03-24,0.7970,0.8570,1.27
2014-03-25,0.7970,0.8570,0.00
2014-03-26,0.7950,0.8550,-0.25
2014-03-27,0.7900,0.8500,-0.63
2014-03-28,0.7870,0.8470,-0.38
2014-03-31,0.7840,0.8440,-0.38
2014-04-01,0.7920,0.8520,1.02
2014-04-02,0.7970,0.8570,0.63
2014-04-03,0.7940,0.8540,-0.38
2014-04-04,0.8020,0.8620,1.01
2014-04-08,0.8190,0.8790,2.12
2014-04-09,0.8200,0.8800,0.12
2014-04-10,0.8310,0.8910,1.34
2014-04-11,0.8290,0.8890,-0.24
2014-04-14,0.8300,0.8900,0.12
2014-04-15,0.8170,0.8770,-1.57
2014-04-16,0.8180,0.8780,0.12
2014-04-17,0.8160,0.8760,-0.24
2014-04-18,0.8160,0.8760,0.00
2014-04-21,0.8030,0.8630,-1.59
2014-04-22,0.8060,0.8660,0.37
2014-04-23,0.8050,0.8650,-0.12
2014-04-24,0.8020,0.8620,-0.37
2014-04-25,0.7940,0.8540,-1.00
2014-04-28,0.7820,0.8420,-1.51
2014-04-29,0.7930,0.8530,1.41
2014-04-30,0.7920,0.8520,-0.13
2014-05-05,0.7920,0.8520,0.00
2014-05-06,0.7930,0.8530,0.13
2014-05-07,0.7840,0.8440,-1.13
2014-05-08,0.7840,0.8440,0.00
2014-05-09,0.7820,0.8420,-0.26
2014-05-12,0.7980,0.8580,2.05
2014-05-13,0.7970,0.8570,-0.13
2014-05-14,0.7980,0.8580,0.13
2014-05-15,0.7860,0.8460,-1.50
2014-05-16,0.7870,0.8470,0.13
2014-05-19,0.7760,0.8360,-1.40
2014-05-20,0.7760,0.8360,0.00
2014-05-21,0.7830,0.8430,0.90
2014-05-22,0.7830,0.8430,0.00
2014-05-23,0.7910,0.8510,1.02
2014-05-26,0.7950,0.8550,0.51
2014-05-27,0.7920,0.8520,-0.38
2014-05-28,0.8000,0.8600,1.01
2014-05-29,0.7940,0.8540,-0.75
2014-05-30,0.7950,0.8550,0.13
2014-06-03,0.7930,0.8530,-0.25
2014-06-04,0.7850,0.8450,-1.01
2014-06-05,0.7930,0.8530,1.02
2014-06-06,0.7890,0.8490,-0.50
2014-06-09,0.7860,0.8460,-0.38
2014-06-10,0.7970,0.8570,1.40
2014-06-11,0.7970,0.8570,0.00
2014-06-12,0.7940,0.8540,-0.38
2014-06-13,0.8020,0.8620,1.01
2014-06-16,0.8090,0.8690,0.87
2014-06-17,0.8020,0.8620,-0.87
2014-06-18,0.7980,0.8580,-0.50
2014-06-19,0.7840,0.8440,-1.75
2014-06-20,0.7890,0.8490,0.64
2014-06-23,0.7890,0.8490,0.00
2014-06-24,0.7930,0.8530,0.51
2014-06-25,0.7890,0.8490,-0.50
2014-06-26,0.7960,0.8560,0.89
2014-06-27,0.7970,0.8570,0.13
2014-06-30,0.8010,0.8610,0.50
2014-07-01,0.8010,0.8610,0.00
2014-07-02,0.8030,0.8630,0.25
2014-07-03,0.8060,0.8660,0.37
2014-07-04,0.8060,0.8660,0.00
2014-07-07,0.8070,0.8670,0.12
2014-07-08,0.8080,0.8680,0.12
2014-07-09,0.7960,0.8560,-1.49
2014-07-10,0.7940,0.8540,-0.25
2014-07-11,0.7980,0.8580,0.50
2014-07-14,0.8080,0.8680,1.25
2014-07-15,0.8090,0.8690,0.12
2014-07-16,0.8110,0.8710,0.25
2014-07-17,0.8060,0.8660,-0.62
2014-07-18,0.8120,0.8720,0.74
2014-07-21,0.8130,0.8730,0.12
2014-07-22,0.8220,0.8820,1.11
2014-07-23,0.8240,0.8840,0.24
2014-07-24,0.8390,0.8990,1.82
2014-07-25,0.8470,0.9070,0.95
2014-07-28,0.8680,0.9280,2.48
2014-07-29,0.8720,0.9320,0.46
2014-07-30,0.8690,0.9290,-0.34
2014-07-31,0.8750,0.9350,0.69
2014-08-01,0.8680,0.9280,-0.80
2014-08-04,0.8830,0.9430,1.73
2014-08-05,0.8820,0.9420,-0.11
2014-08-06,0.8810,0.9410,-0.11
2014-08-07,0.8700,0.9300,-1.25
2014-08-08,0.8720,0.9320,0.23
2014-08-11,0.8840,0.9440,1.38
2014-08-12,0.8830,0.9430,-0.11
2014-08-13,0.8840,0.9440,0.11
2014-08-14,0.8760,0.9360,-0.91
2014-08-15,0.8850,0.9450,1.03
2014-08-18,0.8940,0.9540,1.02
2014-08-19,0.8980,0.9580,0.45
2014-08-20,0.8940,0.9540,-0.45
2014-08-21,0.8950,0.9550,0.11
2014-08-22,0.8980,0.9580,0.34
2014-08-25,0.8930,0.9530,-0.56
2014-08-26,0.8840,0.9440,-1.01
2014-08-27,0.8840,0.9440,0.00
2014-08-28,0.8780,0.9380,-0.68
2014-08-29,0.8850,0.9450,0.80
2014-09-01,0.8920,0.9520,0.79
2014-09-02,0.9030,0.9630,1.23
2014-09-03,0.9120,0.9720,1.00
2014-09-04,0.9180,0.9780,0.66
2014-09-05,0.9260,0.9860,0.87
2014-09-09,0.9240,0.9840,-0.22
2014-09-10,0.9210,0.9810,-0.32
2014-09-11,0.9190,0.9790,-0.22
2014-09-12,0.9240,0.9840,0.54
2014-09-15,0.9230,0.9830,-0.11
2014-09-16,0.9070,0.9670,-1.73
2014-09-17,0.9110,0.9710,0.44
2014-09-18,0.9140,0.9740,0.33
2014-09-19,0.9200,0.9800,0.66
2014-09-22,0.9040,0.9640,-1.74
2014-09-23,0.9120,0.9720,0.89
2014-09-24,0.9280,0.9880,1.75
2014-09-25,0.9260,0.9860,-0.22
2014-09-26,0.9260,0.9860,0.00
2014-09-29,0.9290,0.9890,0.32
2014-09-30,0.9300,0.9900,0.11
2014-10-08,0.9420,1.0020,1.29
2014-10-09,0.9430,1.0030,0.11
2014-10-10,0.9380,0.9980,-0.53
2014-10-13,0.9330,0.9930,-0.53
2014-10-14,0.9300,0.9900,-0.32
2014-10-15,0.9360,0.9960,0.65
2014-10-16,0.9290,0.9890,-0.75
2014-10-17,0.9270,0.9870,-0.22
2014-10-20,0.9320,0.9920,0.54
2014-10-21,0.9240,0.9840,-0.86
2014-10-22,0.9180,0.9780,-0.65
2014-10-23,0.9100,0.9700,-0.87
2014-10-24,0.9090,0.9690,-0.11
2014-10-27,0.9030,0.9630,-0.66
2014-10-28,0.9190,0.9790,1.77
2014-10-29,0.9310,0.9910,1.31
2014-10-30,0.9360,0.9960,0.54
2014-10-31,0.9500,1.0100,1.50
2014-11-03,0.9510,1.0110,0.11
2014-11-04,0.9510,1.0110,0.00
2014-11-05,0.9480,1.0080,-0.32
2014-11-06,0.9480,1.0080,0.00
2014-11-07,0.9470,1.0070,-0.11
2014-11-10,0.9660,1.0260,2.01
2014-11-11,0.9600,1.0200,-0.62
2014-11-12,0.9730,1.0330,1.35
2014-11-13,0.9660,1.0260,-0.72
2014-11-14,0.9660,1.0260,0.00
2014-11-17,0.9630,1.0230,-0.31
2014-11-18,0.9540,1.0140,-0.93
2014-11-19,0.9540,1.0140,0.00
2014-11-20,0.9530,1.0130,-0.10
2014-11-21,0.9690,1.0290,1.68
2014-11-24,0.9920,1.0520,2.37
2014-11-25,1.0040,1.0640,1.21
2014-11-26,1.0180,1.0780,1.39
2014-11-27,1.0270,1.0870,0.88
2014-11-28,1.0440,1.1040,1.66
2014-12-01,1.0480,1.1080,0.38
2014-12-02,1.0840,1.1440,3.44
2014-12-03,1.1000,1.1600,1.48
2014-12-04,1.1490,1.2090,4.45
2014-12-05,1.1540,1.2140,0.44
2014-12-08,1.2030,1.2630,4.25
2014-12-09,1.1540,1.2140,-4.07
2014-12-10,1.1930,1.2530,3.38
2014-12-11,1.1790,1.2390,-1.17
2014-12-12,1.1820,1.2420,0.25
2014-12-15,1.1890,1.2490,0.59
2014-12-16,1.2200,1.2800,2.61
2014-12-17,1.2390,1.2990,1.56
2014-12-18,1.2350,1.2950,-0.32
2014-12-19,1.2490,1.3090,1.13
2014-12-22,1.2490,1.3090,0.00
2014-12-23,1.2250,1.2850,-1.92
2014-12-24,1.1930,1.2530,-2.61
2014-12-25,1.2300,1.2900,3.10
2014-12-26,1.2680,1.3280,3.09
2014-12-29,1.2710,1.3310,0.24
2014-12-30,1.2720,1.3320,0.08
2014-12-31,1.2970,1.3570,1.97
2015-01-05,1.3350,1.3950,2.93
2015-01-06,1.3350,1.3950,0.00
2015-01-07,1.3350,1.3950,0.00
2015-01-08,1.3050,1.3650,-2.25
2015-01-09,1.3010,1.3610,-0.31
2015-01-12,1.2900,1.3500,-0.85
2015-01-13,1.2890,1.3490,-0.08
2015-01-14,1.2860,1.3460,-0.23
2015-01-15,1.3220,1.3820,2.80
2015-01-16,1.3320,1.3920,0.76
2015-01-19,1.2380,1.2980,-7.06
2015-01-20,1.2540,1.3140,1.29
2015-01-21,1.3050,1.3650,4.07
2015-01-22,1.3120,1.3720,0.54
2015-01-23,1.3110,1.3710,-0.08
2015-01-26,1.3230,1.3830,0.92
2015-01-27,1.3110,1.3710,-0.91
2015-01-28,1.2950,1.3550,-1.22
2015-01-29,1.2780,1.3380,-1.31
2015-01-30,1.2610,1.3210,-1.33
2015-02-02,1.2370,1.2970,-1.90
2015-02-03,1.2630,1.3230,2.10
2015-02-04,1.2500,1.3100,-1.03
2015-02-05,1.2390,1.2990,-0.88
2015-02-06,1.2210,1.2810,-1.45
2015-02-09,1.2330,1.2930,0.98
2015-02-10,1.2540,1.3140,1.70
2015-02-11,1.2650,1.3250,0.88
2015-02-12,1.2680,1.3280,0.24
2015-02-13,1.2770,1.3370,0.71
2015-02-16,1.2880,1.3480,0.86
2015-02-17,1.2960,1.3560,0.62
2015-02-25,1.2800,1.3400,-1.23
2015-02-26,1.3140,1.3740,2.66
2015-02-27,1.3170,1.3770,0.23
2015-03-02,1.3300,1.3900,0.99
2015-03-03,1.2970,1.3570,-2.48
2015-03-04,1.3050,1.3650,0.62
2015-03-05,1.2950,1.3550,-0.77
2015-03-06,1.2890,1.3490,-0.46
2015-03-09,1.3120,1.3720,1.78
2015-03-10,1.3070,1.3670,-0.38
2015-03-11,1.3090,1.3690,0.15
2015-03-12,1.3340,1.3940,1.91
2015-03-13,1.3410,1.4010,0.52
2015-03-16,1.3710,1.4310,2.24
2015-03-17,1.3880,1.4480,1.24
2015-03-18,1.4170,1.4770,2.09
2015-03-19,1.4130,1.4730,-0.28
2015-03-20,1.4310,1.4910,1.27
2015-03-23,1.4600,1.5200,2.03
2015-03-24,1.4600,1.5200,0.00
2015-03-25,1.4480,1.5080,-0.82
2015-03-26,1.4500,1.5100,0.14
2015-03-27,1.4570,1.5170,0.48
2015-03-30,1.5000,1.5600,2.95
2015-03-31,1.4870,1.5470,-0.87
2015-04-01,1.5110,1.5710,1.61
2015-04-02,1.5140,1.5740,0.20
2015-04-03,1.5260,1.5860,0.79
2015-04-07,1.5600,1.6200,2.23
2015-04-08,1.5730,1.6330,0.83
2015-04-09,1.5640,1.6240,-0.57
2015-04-10,1.6000,1.6600,2.30
2015-04-13,1.6240,1.6840,1.50
2015-04-14,1.6300,1.6900,0.37
2015-04-15,1.6130,1.6730,-1.04
2015-04-16,1.6570,1.7170,2.73
2015-04-17,1.6820,1.7420,1.51
2015-04-20,1.6580,1.7180,-1.43
2015-04-21,1.6920,1.7520,2.05
2015-04-22,1.7370,1.7970,2.66
2015-04-23,1.7400,1.8000,0.17
2015-04-24,1.7290,1.7890,-0.63
2015-04-27,1.7660,1.8260,2.14
2015-04-28,1.7430,1.8030,-1.30
2015-04-29,1.7520,1.8120,0.52
2015-04-30,1.7420,1.8020,-0.57
2015-05-04,1.7570,1.8170,0.86
2015-05-05,1.6910,1.7510,-3.76
2015-05-06,1.6750,1.7350,-0.95
2015-05-07,1.6500,1.7100,-1.49
2015-05-08,1.6770,1.7370,1.64
2015-05-11,1.7240,1.7840,2.80
2015-05-12,1.7390,1.7990,0.87
2015-05-13,1.7290,1.7890,-0.58
2015-05-14,1.7210,1.7810,-0.46
2015-05-15,1.6890,1.7490,-1.86
2015-05-18,1.6760,1.7360,-0.77
2015-05-19,1.7350,1.7950,3.52
2015-05-20,1.7430,1.8030,0.46
2015-05-21,1.7810,1.8410,2.18
2015-05-22,1.8210,1.8810,2.25
2015-05-25,1.8810,1.9410,3.29
2015-05-26,1.9180,1.9780,1.97
2015-05-27,1.9110,1.9710,-0.37
2015-05-28,1.7780,1.8380,-6.96
2015-05-29,1.7830,1.8430,0.28
2015-06-01,1.8710,1.9310,4.94
2015-06-02,1.9040,1.9640,1.76
2015-06-03,1.8980,1.9580,-0.32
2015-06-04,1.9080,1.9680,0.53
2015-06-05,1.9280,1.9880,1.05
2015-06-08,1.9680,2.0280,2.07
2015-06-09,1.9430,2.0030,-1.27
2015-06-10,1.9430,2.0030,0.00
2015-06-11,1.9420,2.0020,-0.05
2015-06-12,1.9550,2.0150,0.67
2015-06-15,1.9110,1.9710,-2.25
2015-06-16,1.8510,1.9110,-3.14
2015-06-17,1.8790,1.9390,1.51
2015-06-18,1.8070,1.8670,-3.83
2015-06-19,1.7000,1.7600,-5.92
2015-06-23,1.7580,1.8180,3.41
2015-06-24,1.7940,1.8540,2.05
2015-06-25,1.7340,1.7940,-3.34
2015-06-26,1.6020,1.6620,-7.61
2015-06-29,1.5590,1.6190,-2.68
2015-06-30,1.6580,1.7180,6.35
2015-07-01,1.5800,1.6400,-4.70
2015-07-02,1.5240,1.5840,-3.54
2015-07-03,1.4480,1.5080,-4.99
2015-07-06,1.4880,1.5480,2.76
2015-07-07,1.4620,1.5220,-1.75
2015-07-08,1.3710,1.4310,-6.22
2015-07-09,1.4590,1.5190,6.42
2015-07-10,1.5350,1.5950,5.21
2015-07-13,1.5720,1.6320,2.41
2015-07-14,1.5340,1.5940,-2.42
2015-07-15,1.4650,1.5250,-4.50
2015-07-16,1.4780,1.5380,0.89
2015-07-17,1.5390,1.5990,4.13
2015-07-20,1.5420,1.6020,0.19
2015-07-21,1.5470,1.6070,0.32
2015-07-22,1.5450,1.6050,-0.13
2015-07-23,1.5830,1.6430,2.46
2015-07-24,1.5570,1.6170,-1.64
2015-07-27,1.4210,1.4810,-8.73
2015-07-28,1.4200,1.4800,-0.07
2015-07-29,1.4620,1.5220,2.96
2015-07-30,1.4150,1.4750,-3.21
2015-07-31,1.4160,1.4760,0.07
2015-08-03,1.4250,1.4850,0.64
2015-08-04,1.4700,1.5300,3.16
2015-08-05,1.4390,1.4990,-2.11
2015-08-06,1.4230,1.4830,-1.11
2015-08-07,1.4540,1.5140,2.18
2015-08-10,1.5250,1.5850,4.88
2015-08-11,1.5160,1.5760,-0.59
2015-08-12,1.5000,1.5600,-1.06
2015-08-13,1.5220,1.5820,1.47
2015-08-14,1.5240,1.5840,0.13
2015-08-17,1.5270,1.5870,0.20
2015-08-18,1.4260,1.4860,-6.61
2015-08-19,1.4490,1.5090,1.61
2015-08-20,1.4040,1.4640,-3.11
2015-08-21,1.3350,1.3950,-4.91
2015-08-24,1.2180,1.2780,-8.76
2015-08-25,1.1250,1.1850,-7.64
2015-08-26,1.1120,1.1720,-1.16
2015-08-27,1.1820,1.2420,6.30
2015-08-28,1.2360,1.2960,4.57
2015-08-31,1.2460,1.3060,0.81
2015-09-01,1.2450,1.3050,-0.08
2015-09-02,1.2470,1.3070,0.16
2015-09-07,1.2040,1.2640,-3.45
2015-09-08,1.2380,1.2980,2.82
2015-09-09,1.2660,1.3260,2.26
2015-09-10,1.2460,1.3060,-1.58
2015-09-11,1.2440,1.3040,-0.16
2015-09-14,1.2070,1.2670,-2.97
2015-09-15,1.1600,1.2200,-3.89
2015-09-16,1.2210,1.2810,5.26
2015-09-17,1.1930,1.2530,-2.29
2015-09-18,1.1980,1.2580,0.42
2015-09-21,1.2190,1.2790,1.75
2015-09-22,1.2320,1.2920,1.07
2015-09-23,1.2040,1.2640,-2.27
2015-09-24,1.2130,1.2730,0.75
2015-09-25,1.1920,1.2520,-1.73
2015-09-28,1.1990,1.2590,0.59
2015-09-29,1.1770,1.2370,-1.83
2015-09-30,1.1860,1.2460,0.76
2015-10-08,1.2220,1.2820,3.04
2015-10-09,1.2370,1.2970,1.23
2015-10-12,1.2770,1.3370,3.23
2015-10-13,1.2760,1.3360,-0.08
2015-10-14,1.2610,1.3210,-1.18
2015-10-15,1.2900,1.3500,2.30
2015-10-16,1.3090,1.3690,1.47
2015-10-19,1.3090,1.3690,0.00
2015-10-20,1.3250,1.3850,1.22
2015-10-21,1.2890,1.3490,-2.72
2015-10-22,1.3060,1.3660,1.32
2015-10-23,1.3230,1.3830,1.30
2015-10-26,1.3300,1.3900,0.53
2015-10-27,1.3300,1.3900,0.00
2015-10-28,1.3050,1.3650,-1.88
2015-10-29,1.3080,1.3680,0.23
2015-10-30,1.3090,1.3690,0.08
2015-11-02,1.2880,1.3480,-1.60
2015-11-03,1.2840,1.3440,-0.31
2015-11-04,1.3470,1.4070,4.91
2015-11-05,1.3790,1.4390,2.38
2015-11-06,1.4130,1.4730,2.47
2015-11-09,1.4330,1.4930,1.42
2015-11-10,1.4290,1.4890,-0.28
2015-11-11,1.4300,1.4900,0.07
2015-11-12,1.4140,1.4740,-1.12
2015-11-13,1.3980,1.4580,-1.13
2015-11-16,1.4060,1.4660,0.57
2015-11-17,1.4050,1.4650,-0.07
2015-11-18,1.3930,1.4530,-0.85
2015-11-19,1.4120,1.4720,1.36
2015-11-20,1.4100,1.4700,-0.14
2015-11-23,1.4030,1.4630,-0.50
2015-11-24,1.4030,1.4630,0.00
2015-11-25,1.4130,1.4730,0.71
2015-11-26,1.4050,1.4650,-0.57
2015-11-27,1.3280,1.3880,-5.48
2015-11-30,1.3330,1.3930,0.38
2015-12-01,1.3420,1.4020,0.68
2015-12-02,1.3930,1.4530,3.80
2015-12-03,1.4040,1.4640,0.79
2015-12-04,1.3760,1.4360,-1.99
2015-12-07,1.3780,1.4380,0.15
2015-12-08,1.3530,1.4130,-1.81
2015-12-09,1.3580,1.4180,0.37
2015-12-10,1.3540,1.4140,-0.29
2015-12-11,1.3480,1.4080,-0.44
2015-12-14,1.3870,1.4470,2.89
2015-12-15,1.3790,1.4390,-0.58
2015-12-16,1.3760,1.4360,-0.22
2015-12-17,1.4020,1.4620,1.89
2015-12-18,1.4060,1.4660,0.29
2015-12-21,1.4410,1.5010,2.49
2015-12-22,1.4460,1.5060,0.35
2015-12-23,1.4410,1.5010,-0.35
2015-12-24,1.4270,1.4870,-0.97
2015-12-25,1.4320,1.4920,0.35
2015-12-28,1.3910,1.4510,-2.86
2015-12-29,1.4030,1.4630,0.86
2015-12-30,1.4010,1.4610,-0.14
2015-12-31,1.3880,1.4480,-0.93
2016-01-04,1.2950,1.3550,-6.70
2016-01-05,1.2970,1.3570,0.15
2016-01-06,1.3200,1.3800,1.77
2016-01-07,1.2280,1.2880,-6.97
2016-01-08,1.2520,1.3120,1.95
2016-01-11,1.1890,1.2490,-5.03
2016-01-12,1.1980,1.2580,0.76
2016-01-13,1.1750,1.2350,-1.92
2016-01-14,1.2000,1.2600,2.13
2016-01-15,1.1610,1.2210,-3.25
2016-01-18,1.1670,1.2270,0.52
2016-01-19,1.2010,1.2610,2.91
2016-01-20,1.1830,1.2430,-1.50
2016-01-21,1.1490,1.2090,-2.87
2016-01-22,1.1600,1.2200,0.96
2016-01-25,1.1660,1.2260,0.52
2016-01-26,1.0960,1.1560,-6.00
2016-01-27,1.0920,1.1520,-0.37
2016-01-28,1.0630,1.1230,-2.66
2016-01-29,1.0970,1.1570,3.20
2016-02-01,1.0810,1.1410,-1.46
2016-02-02,1.1040,1.1640,2.13
2016-02-03,1.1000,1.1600,-0.36
2016-02-04,1.1140,1.1740,1.27
2016-02-05,1.1060,1.1660,-0.72
2016-02-15,1.1000,1.1600,-0.54
2016-02-16,1.1350,1.1950,3.18
2016-02-17,1.1450,1.2050,0.88
2016-02-18,1.1420,1.2020,-0.26
2016-02-19,1.1410,1.2010,-0.09
2016-02-22,1.1680,1.2280,2.37
2016-02-23,1.1570,1.2170,-0.94
2016-02-24,1.1650,1.2250,0.69
2016-02-25,1.0920,1.1520,-6.27
2016-02-26,1.1030,1.1630,1.01
2016-02-29,1.0750,1.1350,-2.54
2016-03-01,1.0960,1.1560,1.95
2016-03-02,1.1420,1.2020,4.20
2016-03-03,1.1440,1.2040,0.18
2016-03-04,1.1560,1.2160,1.05
2016-03-07,1.1600,1.2200,0.35
2016-03-08,1.1610,1.2210,0.09
2016-03-09,1.1470,1.2070,-1.21
2016-03-10,1.1250,1.1850,-1.92
2016-03-11,1.1250,1.1850,0.00
2016-03-14,1.1430,1.2030,1.60
2016-03-15,1.1460,1.2060,0.26
2016-03-16,1.1510,1.2110,0.44
2016-03-17,1.1650,1.2250,1.22
2016-03-18,1.1840,1.2440,1.63
2016-03-21,1.2130,1.2730,2.45
2016-03-22,1.2040,1.2640,-0.74
2016-03-23,1.2090,1.2690,0.42
2016-03-24,1.1880,1.2480,-1.74
2016-03-25,1.1930,1.2530,0.42
2016-03-28,1.1830,1.2430,-0.84
2016-03-29,1.1720,1.2320,-0.93
2016-03-30,1.2010,1.2610,2.47
2016-03-31,1.2020,1.2620,0.08
2016-04-01,1.2050,1.2650,0.25
2016-04-05,1.2200,1.2800,1.24
2016-04-06,1.2180,1.2780,-0.16
2016-04-07,1.2000,1.2600,-1.48
2016-04-08,1.1920,1.2520,-0.67
2016-04-11,1.2090,1.2690,1.43
2016-04-12,1.2050,1.2650,-0.33
2016-04-13,1.2220,1.2820,1.41
2016-04-14,1.2270,1.2870,0.41
2016-04-15,1.2260,1.2860,-0.08
2016-04-18,1.2100,1.2700,-1.31
2016-04-19,1.2120,1.2720,0.17
2016-04-20,1.1910,1.2510,-1.73
2016-04-21,1.1830,1.2430,-0.67
2016-04-22,1.1890,1.2490,0.51
2016-04-25,1.1840,1.2440,-0.42
2016-04-26,1.1900,1.2500,0.51
2016-04-27,1.1850,1.2450,-0.42
2016-04-28,1.1830,1.2430,-0.17
2016-04-29,1.1820,1.2420,-0.08
2016-05-03,1.2040,1.2640,1.86
2016-05-04,1.2020,1.2620,-0.17
2016-05-05,1.2040,1.2640,0.17
2016-05-06,1.1750,1.2350,-2.41
2016-05-09,1.1500,1.2100,-2.13
2016-05-10,1.1510,1.2110,0.09
2016-05-11,1.1560,1.2160,0.43
2016-05-12,1.1580,1.2180,0.17
2016-05-13,1.1520,1.2120,-0.52
2016-05-16,1.1590,1.2190,0.61
2016-05-17,1.1560,1.2160,-0.26
2016-05-18,1.1500,1.2100,-0.52
2016-05-19,1.1490,1.2090,-0.09
2016-05-20,1.1540,1.2140,0.44
2016-05-23,1.1580,1.2180,0.35
2016-05-24,1.1490,1.2090,-0.78
2016-05-25,1.1480,1.2080,-0.09
2016-05-26,1.1500,1.2100,0.17
2016-05-27,1.1490,1.2090,-0.09
2016-05-30,1.1500,1.2100,0.09
2016-05-31,1.1890,1.2490,3.39
2016-06-01,1.1860,1.2460,-0.25
2016-06-02,1.1890,1.2490,0.25
2016-06-03,1.1980,1.2580,0.76
2016-06-06,1.1960,1.2560,-0.17
2016-06-07,1.1950,1.2550,-0.08
2016-06-08,1.1910,1.2510,-0.33
2016-06-13,1.1550,1.2150,-3.02
2016-06-14,1.1580,1.2180,0.26
2016-06-15,1.1720,1.2320,1.21
2016-06-16,1.1640,1.2240,-0.68
2016-06-17,1.1710,1.2310,0.60
2016-06-20,1.1710,1.2310,0.00
2016-06-21,1.1690,1.2290,-0.17
2016-06-22,1.1790,1.2390,0.86
2016-06-23,1.1750,1.2350,-0.34
2016-06-24,1.1620,1.2220,-1.11
2016-06-27,1.1770,1.2370,1.29
2016-06-28,1.1840,1.2440,0.59
2016-06-29,1.1900,1.2500,0.51
2016-06-30,1.1920,1.2520,0.17
2016-07-01,1.1930,1.2530,0.08
2016-07-04,1.2160,1.2760,1.93
2016-07-05,1.2200,1.2800,0.33
2016-07-06,1.2260,1.2860,0.49
2016-07-07,1.2260,1.2860,0.00
2016-07-08,1.2210,1.2810,-0.41
2016-07-11,1.2260,1.2860,0.41
2016-07-12,1.2520,1.3120,2.12
2016-07-13,1.2580,1.3180,0.48
2016-07-14,1.2560,1.3160,-0.16
2016-07-15,1.2570,1.3170,0.08
2016-07-18,1.2520,1.3120,-0.40
2016-07-19,1.2480,1.3080,-0.32
2016-07-20,1.2450,1.3050,-0.24
2016-07-21,1.2510,1.3110,0.48
2016-07-22,1.2410,1.3010,-0.80
2016-07-25,1.2430,1.3030,0.16
2016-07-26,1.2570,1.3170,1.13
2016-07-27,1.2380,1.2980,-1.51
2016-07-28,1.2390,1.2990,0.08
2016-07-29,1.2330,1.2930,-0.48
2016-08-01,1.2230,1.2830,-0.81
2016-08-02,1.2280,1.2880,0.41
2016-08-03,1.2300,1.2900,0.16
2016-08-04,1.2330,1.2930,0.24
2016-08-05,1.2350,1.2950,0.16
2016-08-08,1.2460,1.3060,0.89
2016-08-09,1.2550,1.3150,0.72
2016-08-10,1.2500,1.3100,-0.40
2016-08-11,1.2470,1.3070,-0.24
2016-08-12,1.2690,1.3290,1.76
2016-08-15,1.3060,1.3660,2.92
2016-08-16,1.3010,1.3610,-0.38
2016-08-17,1.3000,1.3600,-0.08
2016-08-18,1.2970,1.3570,-0.23
2016-08-19,1.2980,1.3580,0.08
2016-08-22,1.2880,1.3480,-0.77
2016-08-23,1.2900,1.3500,0.16
2016-08-24,1.2870,1.3470,-0.23
2016-08-25,1.2790,1.3390,-0.62
2016-08-26,1.2790,1.3390,0.00
2016-08-29,1.2800,1.3400,0.08
2016-08-30,1.2810,1.3410,0.08
2016-08-31,1.2870,1.3470,0.47
2016-09-01,1.2780,1.3380,-0.70
2016-09-02,1.2830,1.3430,0.39
2016-09-05,1.2860,1.3460,0.23
2016-09-06,1.2940,1.3540,0.62
2016-09-07,1.2940,1.3540,0.00
2016-09-08,1.2940,1.3540,0.00
2016-09-09,1.2860,1.3460,-0.62
2016-09-12,1.2660,1.3260,-1.56
2016-09-13,1.2650,1.3250,-0.08
2016-09-14,1.2580,1.3180,-0.55
2016-09-19,1.2670,1.3270,0.72
2016-09-20,1.2650,1.3250,-0.16
2016-09-21,1.2690,1.3290,0.32
2016-09-22,1.2780,1.3380,0.71
2016-09-23,1.2730,1.3330,-0.39
2016-09-26,1.2530,1.3130,-1.57
2016-09-27,1.2600,1.3200,0.56
2016-09-28,1.2570,1.3170,-0.24
2016-09-29,1.2620,1.3220,0.40
2016-09-30,1.2660,1.3260,0.32
2016-10-10,1.2800,1.3400,1.11
2016-10-11,1.2850,1.3450,0.39
2016-10-12,1.2830,1.3430,-0.16
2016-10-13,1.2840,1.3440,0.08
2016-10-14,1.2850,1.3450,0.08
2016-10-17,1.2750,1.3350,-0.78
2016-10-18,1.2910,1.3510,1.25
2016-10-19,1.2900,1.3500,-0.08
2016-10-20,1.2910,1.3510,0.08
2016-10-21,1.2940,1.3540,0.23
2016-10-24,1.3090,1.3690,1.16
2016-10-25,1.3090,1.3690,0.00
2016-10-26,1.3050,1.3650,-0.31
2016-10-27,1.3010,1.3610,-0.31
2016-10-28,1.3000,1.3600,-0.08
2016-10-31,1.2980,1.3580,-0.15
2016-11-01,1.3070,1.3670,0.69
2016-11-02,1.2980,1.3580,-0.69
2016-11-03,1.3100,1.3700,0.92
2016-11-04,1.3060,1.3660,-0.31
2016-11-07,1.3070,1.3670,0.08
2016-11-08,1.3130,1.3730,0.46
2016-11-09,1.3060,1.3660,-0.53
2016-11-10,1.3210,1.3810,1.15
2016-11-11,1.3310,1.3910,0.76
2016-11-14,1.3360,1.3960,0.38
2016-11-15,1.3360,1.3960,0.00
2016-11-16,1.3370,1.3970,0.07
2016-11-17,1.3390,1.3990,0.15
2016-11-18,1.3330,1.3930,-0.45
2016-11-21,1.3420,1.4020,0.68
2016-11-22,1.3520,1.4120,0.75
2016-11-23,1.3550,1.4150,0.22
2016-11-24,1.3600,1.4200,0.37
2016-11-25,1.3720,1.4320,0.88
2016-11-28,1.3780,1.4380,0.44
2016-11-29,1.3880,1.4480,0.73
2016-11-30,1.3790,1.4390,-0.65
2016-12-01,1.3890,1.4490,0.73
2016-12-02,1.3760,1.4360,-0.94
2016-12-05,1.3550,1.4150,-1.53
2016-12-06,1.3520,1.4120,-0.22
2016-12-07,1.3580,1.4180,0.44
2016-12-08,1.3570,1.4170,-0.07
2016-12-09,1.3660,1.4260,0.66
2016-12-12,1.3350,1.3950,-2.27
2016-12-13,1.3340,1.3940,-0.07
2016-12-14,1.3240,1.3840,-0.75
2016-12-15,1.3100,1.3700,-1.06
2016-12-16,1.3130,1.3730,0.23
2016-12-19,1.3070,1.3670,-0.46
2016-12-20,1.3000,1.3600,-0.54
2016-12-21,1.3110,1.3710,0.85
2016-12-22,1.3110,1.3710,0.00
2016-12-23,1.3000,1.3600,-0.84
2016-12-26,1.3060,1.3660,0.46
2016-12-27,1.3040,1.3640,-0.15
2016-12-28,1.2990,1.3590,-0.38
2016-12-29,1.2980,1.3580,-0.08
2016-12-30,1.3030,1.3630,0.39
2016-12-31,1.3030,1.3630,0.00
2017-01-03,1.3150,1.3750,0.92
2017-01-04,1.3250,1.3850,0.76
2017-01-05,1.3250,1.3850,0.00
2017-01-06,1.3180,1.3780,-0.53
2017-01-09,1.3240,1.3840,0.46
2017-01-10,1.3230,1.3830,-0.08
2017-01-11,1.3140,1.3740,-0.68
2017-01-12,1.3080,1.3680,-0.46
2017-01-13,1.3090,1.3690,0.08
2017-01-16,1.3090,1.3690,0.00
2017-01-17,1.3120,1.3720,0.23
2017-01-18,1.3170,1.3770,0.38
2017-01-19,1.3130,1.3730,-0.30
2017-01-20,1.3230,1.3830,0.76
2017-01-23,1.3270,1.3870,0.30
2017-01-24,1.3280,1.3880,0.08
2017-01-25,1.3330,1.3930,0.38
2017-01-26,1.3380,1.3980,0.38
2017-02-03,1.3290,1.3890,-0.67
2017-02-06,1.3320,1.3920,0.23
2017-02-07,1.3300,1.3900,-0.15
2017-02-08,1.3370,1.3970,0.53
2017-02-09,1.3420,1.4020,0.37
2017-02-10,1.3490,1.4090,0.52
2017-02-13,1.3580,1.4180,0.67
2017-02-14,1.3590,1.4190,0.07
2017-02-15,1.3540,1.4140,-0.37
2017-02-16,1.3620,1.4220,0.59
2017-02-17,1.3550,1.4150,-0.51
2017-02-20,1.3740,1.4340,1.40
2017-02-21,1.3790,1.4390,0.36
2017-02-22,1.3820,1.4420,0.22
2017-02-23,1.3760,1.4360,-0.43
2017-02-24,1.3770,1.4370,0.07
2017-02-27,1.3660,1.4260,-0.80
2017-02-28,1.3690,1.4290,0.22
2017-03-01,1.3700,1.4300,0.07
2017-03-02,1.3620,1.4220,-0.58
2017-03-03,1.3590,1.4190,-0.22
2017-03-06,1.3670,1.4270,0.59
2017-03-07,1.3710,1.4310,0.29
2017-03-08,1.3680,1.4280,-0.22
2017-03-09,1.3600,1.4200,-0.58
2017-03-10,1.3610,1.4210,0.07
2017-03-13,1.3730,1.4330,0.88
2017-03-14,1.3730,1.4330,0.00
2017-03-15,1.3760,1.4360,0.22
2017-03-16,1.3840,1.4440,0.58
2017-03-17,1.3710,1.4310,-0.94
2017-03-20,1.3720,1.4320,0.07
2017-03-21,1.3780,1.4380,0.44
2017-03-22,1.3710,1.4310,-0.51
2017-03-23,1.3770,1.4370,0.44
2017-03-24,1.3870,1.4470,0.73
2017-03-27,1.3830,1.4430,-0.29
2017-03-28,1.3800,1.4400,-0.22
2017-03-29,1.3790,1.4390,-0.07
2017-03-30,1.3680,1.4280,-0.80
2017-03-31,1.3770,1.4370,0.66
2017-04-05,1.3940,1.4540,1.23
2017-04-06,1.3980,1.4580,0.29
2017-04-07,1.3990,1.4590,0.07
2017-04-10,1.3930,1.4530,-0.43
2017-04-11,1.3970,1.4570,0.29
2017-04-12,1.3940,1.4540,-0.21
2017-04-13,1.3960,1.4560,0.14
2017-04-14,1.3830,1.4430,-0.93
2017-04-17,1.3800,1.4400,-0.22
2017-04-18,1.3740,1.4340,-0.43
2017-04-19,1.3680,1.4280,-0.44
2017-04-20,1.3730,1.4330,0.37
2017-04-21,1.3750,1.4350,0.15
2017-04-24,1.3590,1.4190,-1.16
2017-04-25,1.3620,1.4220,0.22
2017-04-26,1.3630,1.4230,0.07
2017-04-27,1.3660,1.4260,0.22
2017-04-28,1.3630,1.4230,-0.22
2017-05-02,1.3580,1.4180,-0.37
2017-05-03,1.3530,1.4130,-0.37
2017-05-04,1.3500,1.4100,-0.22
2017-05-05,1.3420,1.4020,-0.59
2017-05-08,1.3320,1.3920,-0.75
2017-05-09,1.3310,1.3910,-0.08
2017-05-10,1.3260,1.3860,-0.38
2017-05-11,1.3330,1.3930,0.53
2017-05-12,1.3450,1.4050,0.90
2017-05-15,1.3500,1.4100,0.37
2017-05-16,1.3620,1.4220,0.89
2017-05-17,1.3550,1.4150,-0.51
2017-05-18,1.3510,1.4110,-0.30
2017-05-19,1.3530,1.4130,0.15
2017-05-22,1.3560,1.4160,0.22
2017-05-23,1.3610,1.4210,0.37
2017-05-24,1.3610,1.4210,0.00
2017-05-25,1.3850,1.4450,1.76
2017-05-26,1.3830,1.4430,-0.14
2017-05-31,1.3880,1.4480,0.36
2017-06-01,1.3890,1.4490,0.07
2017-06-02,1.3850,1.4450,-0.29
2017-06-05,1.3780,1.4380,-0.51
2017-06-06,1.3870,1.4470,0.65
2017-06-07,1.4030,1.4630,1.15
2017-06-08,1.4150,1.4750,0.86
2017-06-09,1.4210,1.4810,0.42
2017-06-12,1.4200,1.4800,-0.07
2017-06-13,1.4230,1.4830,0.21
2017-06-14,1.4070,1.4670,-1.12
2017-06-15,1.4050,1.4650,-0.14
2017-06-16,1.4020,1.4620,-0.21
2017-06-19,1.4160,1.4760,1.00
2017-06-20,1.4130,1.4730,-0.21
2017-06-21,1.4290,1.4890,1.13
2017-06-22,1.4310,1.4910,0.14
2017-06-23,1.4430,1.5030,0.84
2017-06-26,1.4600,1.5200,1.18
2017-06-27,1.4630,1.5230,0.21
2017-06-28,1.4520,1.5120,-0.75
2017-06-29,1.4620,1.5220,0.69
2017-06-30,1.4610,1.5210,-0.07
2017-07-03,1.4550,1.5150,-0.41
2017-07-04,1.4440,1.5040,-0.76
2017-07-05,1.4600,1.5200,1.11
2017-07-06,1.4610,1.5210,0.07
2017-07-07,1.4620,1.5220,0.07
2017-07-10,1.4620,1.5220,0.00
2017-07-11,1.4700,1.5300,0.55
2017-07-12,1.4660,1.5260,-0.27
2017-07-13,1.4780,1.5380,0.82
2017-07-14,1.4860,1.5460,0.54
2017-07-17,1.4690,1.5290,-1.14
2017-07-18,1.4720,1.5320,0.20
2017-07-19,1.4970,1.5570,1.70
2017-07-20,1.5040,1.5640,0.47
2017-07-21,1.4970,1.5570,-0.47
2017-07-24,1.5030,1.5630,0.40
2017-07-25,1.4940,1.5540,-0.60
2017-07-26,1.4890,1.5490,-0.33
2017-07-27,1.4910,1.5510,0.13
2017-07-28,1.4950,1.5550,0.27
2017-07-31,1.5020,1.5620,0.47
2017-08-01,1.5140,1.5740,0.80
2017-08-02,1.5110,1.5710,-0.20
2017-08-03,1.4990,1.5590,-0.79
2017-08-04,1.4910,1.5510,-0.53
2017-08-07,1.4980,1.5580,0.47
2017-08-08,1.5010,1.5610,0.20
2017-08-09,1.5010,1.5610,0.00
2017-08-10,1.4950,1.5550,-0.40
2017-08-11,1.4690,1.5290,-1.74
2017-08-14,1.4860,1.5460,1.16
2017-08-15,1.4900,1.5500,0.27
2017-08-16,1.4890,1.5490,-0.07
2017-08-17,1.4970,1.5570,0.54
2017-08-18,1.4980,1.5580,0.07
2017-08-21,1.5050,1.5650,0.47
2017-08-22,1.5090,1.5690,0.27
2017-08-23,1.5100,1.5700,0.07
2017-08-24,1.5020,1.5620,-0.53
2017-08-25,1.5260,1.5860,1.60
2017-08-28,1.5440,1.6040,1.18
2017-08-29,1.5420,1.6020,-0.13
2017-08-30,1.5420,1.6020,0.00
2017-08-31,1.5380,1.5980,-0.26
2017-09-01,1.5420,1.6020,0.26
2017-09-04,1.5480,1.6080,0.39
2017-09-05,1.5520,1.6120,0.26
2017-09-06,1.5490,1.6090,-0.19
2017-09-07,1.5420,1.6020,-0.45
2017-09-08,1.5400,1.6000,-0.13
2017-09-11,1.5400,1.6000,0.00
2017-09-12,1.5450,1.6050,0.32
2017-09-13,1.5470,1.6070,0.13
2017-09-14,1.5420,1.6020,-0.32
2017-09-15,1.5430,1.6030,0.06
2017-09-18,1.5470,1.6070,0.26
2017-09-19,1.5440,1.6040,-0.19
2017-09-20,1.5480,1.6080,0.26
2017-09-21,1.5460,1.6060,-0.13
2017-09-22,1.5470,1.6070,0.06
2017-09-25,1.5390,1.5990,-0.52
2017-09-26,1.5410,1.6010,0.13
2017-09-27,1.5410,1.6010,0.00
2017-09-28,1.5420,1.6020,0.06
2017-09-29,1.5480,1.6080,0.39
2017-10-09,1.5650,1.6250,1.10
2017-10-10,1.5680,1.6280,0.19
2017-10-11,1.5730,1.6330,0.32
2017-10-12,1.5780,1.6380,0.32
2017-10-13,1.5820,1.6420,0.25
2017-10-16,1.5790,1.6390,-0.19
2017-10-17,1.5790,1.6390,0.00
2017-10-18,1.5910,1.6510,0.76
2017-10-19,1.5860,1.6460,-0.31
2017-10-20,1.5850,1.6450,-0.06
2017-10-23,1.5870,1.6470,0.13
2017-10-24,1.5980,1.6580,0.69
2017-10-25,1.6050,1.6650,0.44
2017-10-26,1.6120,1.6720,0.44
2017-10-27,1.6240,1.6840,0.74
2017-10-30,1.6190,1.6790,-0.31
2017-10-31,1.6180,1.6780,-0.06
2017-11-01,1.6140,1.6740,-0.25
2017-11-02,1.6150,1.6750,0.06
2017-11-03,1.6130,1.6730,-0.12
2017-11-06,1.6230,1.6830,0.62
2017-11-07,1.6360,1.6960,0.80
2017-11-08,1.6340,1.6940,-0.12
2017-11-09,1.6450,1.7050,0.67
2017-11-10,1.6600,1.7200,0.91
2017-11-13,1.6660,1.7260,0.36
2017-11-14,1.6560,1.7160,-0.60
2017-11-15,1.6450,1.7050,-0.66
2017-11-16,1.6590,1.7190,0.85
2017-11-17,1.6670,1.7270,0.48
2017-11-20,1.6750,1.7350,0.48
2017-11-21,1.7040,1.7640,1.73
2017-11-22,1.7080,1.7680,0.23
2017-11-23,1.6590,1.7190,-2.87
2017-11-24,1.6600,1.7200,0.06
2017-11-27,1.6370,1.6970,-1.39
2017-11-28,1.6400,1.7000,0.18
2017-11-29,1.6390,1.6990,-0.06
2017-11-30,1.6210,1.6810,-1.10
2017-12-01,1.6180,1.6780,-0.19
2017-12-04,1.6260,1.6860,0.49
2017-12-05,1.6340,1.6940,0.49
2017-12-06,1.6240,1.6840,-0.61
2017-12-07,1.6070,1.6670,-1.05
2017-12-08,1.6190,1.6790,0.75
2017-12-11,1.6440,1.7040,1.54
2017-12-12,1.6230,1.6830,-1.28
2017-12-13,1.6370,1.6970,0.86
2017-12-14,1.6280,1.6880,-0.55
2017-12-15,1.6110,1.6710,-1.04
2017-12-18,1.6130,1.6730,0.12
2017-12-19,1.6320,1.6920,1.18
2017-12-20,1.6310,1.6910,-0.06
2017-12-21,1.6440,1.7040,0.80
2017-12-22,1.6380,1.6980,-0.37
2017-12-25,1.6340,1.6940,-0.24
2017-12-26,1.6360,1.6960,0.12
2017-12-27,1.6090,1.6690,-1.65
2017-12-28,1.6220,1.6820,0.81
2017-12-29,1.6240,1.6840,0.12
2017-12-31,1.6240,1.6840,
2018-01-02,1.6470,1.7070,1.42
2018-01-03,1.6550,1.7150,0.49
2018-01-04,1.6630,1.7230,0.48
2018-01-05,1.6670,1.7270,0.24
2018-01-08,1.6740,1.7340,0.42
2018-01-09,1.6880,1.7480,0.84
2018-01-10,1.6950,1.7550,0.41
2018-01-11,1.6940,1.7540,-0.06
2018-01-12,1.7040,1.7640,0.59
2018-01-15,1.7050,1.7650,0.06
2018-01-16,1.7170,1.7770,0.70
2018-01-17,1.7100,1.7700,-0.41
2018-01-18,1.7200,1.7800,0.58
2018-01-19,1.7240,1.7840,0.23
2018-01-22,1.7460,1.8060,1.28
2018-01-23,1.7650,1.8250,1.09
2018-01-24,1.7640,1.8240,-0.06
2018-01-25,1.7550,1.8150,-0.51
2018-01-26,1.7620,1.8220,0.40
2018-01-29,1.7310,1.7910,-1.76
2018-01-30,1.7140,1.7740,-0.98
2018-01-31,1.7220,1.7820,0.47
2018-02-01,1.7110,1.7710,-0.64
2018-02-02,1.7200,1.7800,0.53
2018-02-05,1.7220,1.7820,0.12
2018-02-06,1.6750,1.7350,-2.73
2018-02-07,1.6390,1.6990,-2.15
2018-02-08,1.6230,1.6830,-0.98
2018-02-09,1.5580,1.6180,-4.00
2018-02-12,1.5760,1.6360,1.16
2018-02-13,1.5940,1.6540,1.14
2018-02-14,1.6060,1.6660,0.75
2018-02-22,1.6390,1.6990,2.05
2018-02-23,1.6460,1.7060,0.43
2018-02-26,1.6650,1.7250,1.15
2018-02-27,1.6430,1.7030,-1.32
2018-02-28,1.6290,1.6890,-0.85
2018-03-01,1.6390,1.6990,0.61
2018-03-02,1.6270,1.6870,-0.73
2018-03-05,1.6280,1.6880,0.06
2018-03-06,1.6470,1.7070,1.17
2018-03-07,1.6350,1.6950,-0.73
2018-03-08,1.6510,1.7110,0.98
2018-03-09,1.6640,1.7240,0.79
2018-03-12,1.6710,1.7310,0.42
2018-03-13,1.6560,1.7160,-0.90
2018-03-14,1.6490,1.7090,-0.42
2018-03-15,1.6580,1.7180,0.55
2018-03-16,1.6430,1.7030,-0.90
2018-03-19,1.6510,1.7110,0.49
2018-03-20,1.6540,1.7140,0.18
2018-03-21,1.6470,1.7070,-0.42
2018-03-22,1.6310,1.6910,-0.97
2018-03-23,1.5860,1.6460,-2.76
2018-03-26,1.5760,1.6360,-0.63
2018-03-27,1.5880,1.6480,0.76
2018-03-28,1.5610,1.6210,-1.70
2018-03-29,1.5800,1.6400,1.22
2018-03-30,1.5830,1.6430,0.19
2018-04-02,1.5780,1.6380,-0.32
2018-04-03,1.5690,1.6290,-0.57
2018-04-04,1.5660,1.6260,-0.19
2018-04-09,1.5660,1.6260,0.00
2018-04-10,1.5950,1.6550,1.85
2018-04-11,1.6000,1.6600,0.31
2018-04-12,1.5850,1.6450,-0.94
2018-04-13,1.5730,1.6330,-0.76
2018-04-16,1.5480,1.6080,-1.59
2018-04-17,1.5250,1.5850,-1.49
2018-04-18,1.5320,1.5920,0.46
2018-04-19,1.5510,1.6110,1.24
2018-04-20,1.5300,1.5900,-1.35
2018-04-23,1.5310,1.5910,0.07
2018-04-24,1.5610,1.6210,1.96
2018-04-25,1.5560,1.6160,-0.32
2018-04-26,1.5280,1.5880,-1.80
2018-04-27,1.5290,1.5890,0.07
2018-05-02,1.5320,1.5920,0.20
2018-05-03,1.5440,1.6040,0.78
2018-05-04,1.5370,1.5970,-0.45
2018-05-07,1.5600,1.6200,1.50
2018-05-08,1.5770,1.6370,1.09
2018-05-09,1.5750,1.6350,-0.13
2018-05-10,1.5840,1.6440,0.57
2018-05-11,1.5760,1.6360,-0.51
2018-05-14,1.5900,1.6500,0.89
2018-05-15,1.5960,1.6560,0.38
2018-05-16,1.5850,1.6450,-0.69
2018-05-17,1.5730,1.6330,-0.76
2018-05-18,1.5880,1.6480,0.95
2018-05-21,1.5960,1.6560,0.50
2018-05-22,1.5910,1.6510,-0.31
2018-05-23,1.5710,1.6310,-1.26
2018-05-24,1.5610,1.6210,-0.64
2018-05-25,1.5580,1.6180,-0.19
2018-05-28,1.5650,1.6250,0.45
2018-05-29,1.5530,1.6130,-0.77
2018-05-30,1.5230,1.5830,-1.93
2018-05-31,1.5530,1.6130,1.97
2018-06-01,1.5410,1.6010,-0.77
2018-06-04,1.5560,1.6160,0.97
2018-06-05,1.5710,1.6310,0.96
2018-06-06,1.5680,1.6280,-0.19
2018-06-07,1.5670,1.6270,-0.06
2018-06-08,1.5490,1.6090,-1.15
2018-06-11,1.5500,1.6100,0.06
2018-06-12,1.5670,1.6270,1.10
2018-06-13,1.5540,1.6140,-0.83
2018-06-14,1.5490,1.6090,-0.32
2018-06-15,1.5440,1.6040,-0.32
2018-06-19,1.4950,1.5550,-3.17
2018-06-20,1.5020,1.5620,0.47
2018-06-21,1.4860,1.5460,-1.07
2018-06-22,1.4940,1.5540,0.54
2018-06-25,1.4760,1.5360,-1.20
2018-06-26,1.4640,1.5240,-0.81
2018-06-27,1.4370,1.4970,-1.84
2018-06-28,1.4230,1.4830,-0.97
2018-06-29,1.4580,1.5180,2.46
2018-06-30,1.4580,1.5180,
2018-07-02,1.4200,1.4800,-2.61
2018-07-03,1.4210,1.4810,0.07
2018-07-04,1.4040,1.4640,-1.20
2018-07-05,1.3960,1.4560,-0.57
2018-07-06,1.4050,1.4650,0.64
2018-07-09,1.4430,1.5030,2.70
2018-07-10,1.4470,1.5070,0.28
2018-07-11,1.4240,1.4840,-1.59
2018-07-12,1.4550,1.5150,2.18
2018-07-13,1.4610,1.5210,0.41
2018-07-16,1.4530,1.5130,-0.55
2018-07-17,1.4450,1.5050,-0.55
2018-07-18,1.4380,1.4980,-0.48
2018-07-19,1.4370,1.4970,-0.07
2018-07-20,1.4600,1.5200,1.60
2018-07-23,1.4690,1.5290,0.62
2018-07-24,1.4920,1.5520,1.57
2018-07-25,1.4910,1.5510,-0.07
2018-07-26,1.4740,1.5340,-1.14
2018-07-27,1.4670,1.5270,-0.47
2018-07-30,1.4640,1.5240,-0.20
2018-07-31,1.4640,1.5240,0.00
2018-08-01,1.4360,1.4960,-1.91
2018-08-02,1.4070,1.4670,-2.02
2018-08-03,1.3860,1.4460,-1.49
2018-08-06,1.3700,1.4300,-1.15
2018-08-07,1.4080,1.4680,2.77
2018-08-08,1.3890,1.4490,-1.35
2018-08-09,1.4200,1.4800,2.23
2018-08-10,1.4210,1.4810,0.07
2018-08-13,1.4140,1.4740,-0.49
2018-08-14,1.4080,1.4680,-0.42
2018-08-15,1.3750,1.4350,-2.34
2018-08-16,1.3680,1.4280,-0.51
2018-08-17,1.3490,1.4090,-1.39
2018-08-20,1.3640,1.4240,1.11
2018-08-21,1.3890,1.4490,1.83
2018-08-22,1.3820,1.4420,-0.50
2018-08-23,1.3870,1.4470,0.36
2018-08-24,1.3900,1.4500,0.22
2018-08-27,1.4230,1.4830,2.37
2018-08-28,1.4200,1.4800,-0.21
2018-08-29,1.4150,1.4750,-0.35
2018-08-30,1.4010,1.4610,-0.99
2018-08-31,1.3940,1.4540,-0.50
2018-09-03,1.3890,1.4490,-0.36
2018-09-04,1.4060,1.4660,1.22
2018-09-05,1.3790,1.4390,-1.92
2018-09-06,1.3660,1.4260,-0.94
2018-09-07,1.3720,1.4320,0.44
2018-09-10,1.3530,1.4130,-1.38
2018-09-11,1.3490,1.4090,-0.30
2018-09-12,1.3410,1.4010,-0.59
2018-09-13,1.3540,1.4140,0.97
2018-09-14,1.3560,1.4160,0.15
2018-09-17,1.3410,1.4010,-1.11
2018-09-18,1.3680,1.4280,2.01
2018-09-19,1.3850,1.4450,1.24
2018-09-20,1.3850,1.4450,0.00
2018-09-21,1.4260,1.4860,2.96
2018-09-25,1.4140,1.4740,-0.84
2018-09-26,1.4300,1.4900,1.13
2018-09-27,1.4250,1.4850,-0.35
2018-09-28,1.4400,1.5000,1.05
2018-10-08,1.3790,1.4390,-4.24
2018-10-09,1.3770,1.4370,-0.15
2018-10-10,1.3740,1.4340,-0.22
2018-10-11,1.3130,1.3730,-4.44
2018-10-12,1.3350,1.3950,1.68
2018-10-15,1.3170,1.3770,-1.35
2018-10-16,1.3080,1.3680,-0.68
2018-10-17,1.3150,1.3750,0.54
2018-10-18,1.2850,1.3450,-2.28
2018-10-19,1.3210,1.3810,2.80
2018-10-22,1.3700,1.4300,3.71
2018-10-23,1.3340,1.3940,-2.63
2018-10-24,1.3350,1.3950,0.08
2018-10-25,1.3360,1.3960,0.07
2018-10-26,1.3280,1.3880,-0.60
2018-10-29,1.2900,1.3500,-2.86
2018-10-30,1.3020,1.3620,0.93
2018-10-31,1.3200,1.3800,1.38
2018-11-01,1.3280,1.3880,0.61
2018-11-02,1.3710,1.4310,3.24
2018-11-05,1.3590,1.4190,-0.88
2018-11-06,1.3530,1.4130,-0.44
2018-11-07,1.3450,1.4050,-0.59
2018-11-08,1.3430,1.4030,-0.15
2018-11-09,1.3240,1.3840,-1.41
2018-11-12,1.3380,1.3980,1.06
2018-11-13,1.3490,1.4090,0.82
2018-11-14,1.3360,1.3960,-0.96
2018-11-15,1.3500,1.4100,1.05
2018-11-16,1.3550,1.4150,0.37
2018-11-19,1.3680,1.4280,0.96
2018-11-20,1.3390,1.3990,-2.12
2018-11-21,1.3430,1.4030,0.30
2018-11-22,1.3380,1.3980,-0.37
2018-11-23,1.3120,1.3720,-1.94
2018-11-26,1.3120,1.3720,0.00
2018-11-27,1.3100,1.3700,-0.15
2018-11-28,1.3250,1.3850,1.15
2018-11-29,1.3100,1.3700,-1.13
2018-11-30,1.3230,1.3830,0.99
2018-12-03,1.3570,1.4170,2.57
2018-12-04,1.3590,1.4190,0.15
2018-12-05,1.3530,1.4130,-0.44
2018-12-06,1.3270,1.3870,-1.92
2018-12-07,1.3270,1.3870,0.00
2018-12-10,1.3130,1.3730,-1.06
2018-12-11,1.3190,1.3790,0.46
2018-12-12,1.3240,1.3840,0.38
2018-12-13,1.3420,1.4020,1.36
2018-12-14,1.3210,1.3810,-1.56
2018-12-17,1.3180,1.3780,-0.23
2018-12-18,1.3050,1.3650,-0.99
2018-12-19,1.2910,1.3510,-1.07
2018-12-20,1.2810,1.3410,-0.77
2018-12-21,1.2660,1.3260,-1.17
2018-12-24,1.2700,1.3300,0.32
2018-12-25,1.2620,1.3220,-0.63
2018-12-26,1.2560,1.3160,-0.48
2018-12-27,1.2510,1.3110,-0.40
2018-12-28,1.2590,1.3190,0.64
2018-12-31,1.2590,1.3190,
2019-01-02,1.2430,1.3030,-1.27
2019-01-03,1.2410,1.3010,-0.16
2019-01-04,1.2700,1.3300,2.34
2019-01-07,1.2770,1.3370,0.55
2019-01-08,1.2740,1.3340,-0.23
2019-01-09,1.2860,1.3460,0.94
2019-01-10,1.2840,1.3440,-0.16
2019-01-11,1.2920,1.3520,0.62
2019-01-14,1.2820,1.3420,-0.77
2019-01-15,1.3050,1.3650,1.79
2019-01-16,1.3060,1.3660,0.08
2019-01-17,1.2990,1.3590,-0.54
2019-01-18,1.3210,1.3810,1.69
2019-01-21,1.3280,1.3880,0.53
2019-01-22,1.3120,1.3720,-1.20
2019-01-23,1.3110,1.3710,-0.08
2019-01-24,1.3180,1.3780,0.53
2019-01-25,1.3280,1.3880,0.76
2019-01-28,1.3280,1.3880,0.00
2019-01-29,1.3320,1.3920,0.30
2019-01-30,1.3220,1.3820,-0.75
2019-01-31,1.3350,1.3950,0.98
2019-02-01,1.3520,1.4120,1.27
2019-02-11,1.3750,1.4350,1.70
2019-02-12,1.3840,1.4440,0.65
2019-02-13,1.4100,1.4700,1.88
2019-02-14,1.4120,1.4720,0.14
2019-02-15,1.3880,1.4480,-1.70
2019-02-18,1.4290,1.4890,2.95
2019-02-19,1.4270,1.4870,-0.14
2019-02-20,1.4320,1.4920,0.35
2019-02-21,1.4280,1.4880,-0.28
2019-02-22,1.4580,1.5180,2.10
2019-02-25,1.5410,1.6010,5.69
2019-02-26,1.5230,1.5830,-1.17
2019-02-27,1.5210,1.5810,-0.13
2019-02-28,1.5180,1.5780,-0.20
2019-03-01,1.5490,1.6090,2.04
2019-03-04,1.5670,1.6270,1.16
2019-03-05,1.5750,1.6350,0.51
2019-03-06,1.5880,1.6480,0.83
2019-03-07,1.5720,1.6320,-1.01
2019-03-08,1.5130,1.5730,-3.75
2019-03-11,1.5390,1.5990,1.72
2019-03-12,1.5490,1.6090,0.65
2019-03-13,1.5370,1.5970,-0.77
2019-03-14,1.5270,1.5870,-0.65
2019-03-15,1.5450,1.6050,1.18
2019-03-18,1.5870,1.6470,2.72
2019-03-19,1.5800,1.6400,-0.44
2019-03-20,1.5810,1.6410,0.06
2019-03-21,1.5810,1.6410,0.00
2019-03-22,1.5800,1.6400,-0.06
2019-03-25,1.5450,1.6050,-2.22
2019-03-26,1.5280,1.5880,-1.10
2019-03-27,1.5450,1.6050,1.11
2019-03-28,1.5390,1.5990,-0.39
2019-03-29,1.5960,1.6560,3.70
2019-04-01,1.6360,1.6960,2.51
2019-04-02,1.6350,1.6950,-0.06
2019-04-03,1.6550,1.7150,1.22
2019-04-04,1.6710,1.7310,0.97
2019-04-08,1.6690,1.7290,-0.12
2019-04-09,1.6760,1.7360,0.42
2019-04-10,1.6810,1.7410,0.30
2019-04-11,1.6430,1.7030,-2.26
2019-04-12,1.6390,1.6990,-0.24
2019-04-15,1.6330,1.6930,-0.37
2019-04-16,1.6760,1.7360,2.63
2019-04-17,1.6770,1.7370,0.06
2019-04-18,1.6720,1.7320,-0.30
2019-04-19,1.6900,1.7500,1.08
2019-04-22,1.6540,1.7140,-2.13
2019-04-23,1.6510,1.7110,-0.18
2019-04-24,1.6550,1.7150,0.24
2019-04-25,1.6210,1.6810,-2.05
2019-04-26,1.6010,1.6610,-1.23
2019-04-29,1.6050,1.6650,0.25
2019-04-30,1.6100,1.6700,0.31
2019-05-06,1.5210,1.5810,-5.53
2019-05-07,1.5360,1.5960,0.99
2019-05-08,1.5150,1.5750,-1.37
2019-05-09,1.4890,1.5490,-1.72
2019-05-10,1.5400,1.6000,3.43
2019-05-13,1.5160,1.5760,-1.56
2019-05-14,1.5070,1.5670,-0.59
2019-05-15,1.5390,1.5990,2.12
2019-05-16,1.5460,1.6060,0.45
2019-05-17,1.5090,1.5690,-2.39
2019-05-20,1.4970,1.5570,-0.80
2019-05-21,1.5160,1.5760,1.27
2019-05-22,1.5090,1.5690,-0.46
2019-05-23,1.4850,1.5450,-1.59
2019-05-24,1.4900,1.5500,0.34
2019-05-27,1.5070,1.5670,1.14
2019-05-28,1.5220,1.5820,1.00
2019-05-29,1.5190,1.5790,-0.20
2019-05-30,1.5100,1.5700,-0.59
2019-05-31,1.5070,1.5670,-0.20
2019-06-03,1.5080,1.5680,0.07
2019-06-04,1.4950,1.5550,-0.86
2019-06-05,1.4950,1.5550,0.00
2019-06-06,1.4830,1.5430,-0.80
2019-06-10,1.5010,1.5610,1.21
2019-06-11,1.5440,1.6040,2.86
2019-06-12,1.5340,1.5940,-0.65
2019-06-13,1.5310,1.5910,-0.20
2019-06-14,1.5200,1.5800,-0.72
2019-06-17,1.5200,1.5800,0.00
2019-06-18,1.5250,1.5850,0.33
2019-06-19,1.5470,1.6070,1.44
2019-06-20,1.5920,1.6520,2.91
2019-06-21,1.5940,1.6540,0.13
2019-06-24,1.5970,1.6570,0.19
2019-06-25,1.5810,1.6410,-1.00
2019-06-26,1.5790,1.6390,-0.13
2019-06-27,1.5960,1.6560,1.08
2019-06-28,1.5940,1.6540,-0.13
2019-06-30,1.5940,1.6540,
2019-07-01,1.6380,1.6980,2.76
2019-07-02,1.6390,1.6990,0.06
2019-07-03,1.6220,1.6820,-1.04
2019-07-04,1.6140,1.6740,-0.49
2019-07-05,1.6230,1.6830,0.56
2019-07-08,1.5870,1.6470,-2.22
2019-07-09,1.5850,1.6450,-0.13
2019-07-10,1.5830,1.6430,-0.13
2019-07-11,1.5840,1.6440,0.06
2019-07-12,1.5960,1.6560,0.76
2019-07-15,1.6010,1.6610,0.31
2019-07-16,1.5950,1.6550,-0.37
2019-07-17,1.5940,1.6540,-0.06
2019-07-18,1.5810,1.6410,-0.82
2019-07-19,1.5970,1.6570,1.01
2019-07-22,1.6020,1.6620,0.31
2019-07-23,1.6060,1.6660,0.25
2019-07-24,1.6180,1.6780,0.75
2019-07-25,1.6310,1.6910,0.80
2019-07-26,1.6340,1.6940,0.18
2019-07-29,1.6320,1.6920,-0.12
2019-07-30,1.6380,1.6980,0.37
2019-07-31,1.6240,1.6840,-0.85
2019-08-01,1.6110,1.6710,-0.80
2019-08-02,1.5900,1.6500,-1.30
2019-08-05,1.5610,1.6210,-1.82
2019-08-06,1.5470,1.6070,-0.90
2019-08-07,1.5400,1.6000,-0.45
2019-08-08,1.5600,1.6200,1.30
2019-08-09,1.5460,1.6060,-0.90
2019-08-12,1.5760,1.6360,1.94
2019-08-13,1.5620,1.6220,-0.89
2019-08-14,1.5690,1.6290,0.45
2019-08-15,1.5750,1.6350,0.38
2019-08-16,1.5810,1.6410,0.38
2019-08-19,1.6130,1.6730,2.02
2019-08-20,1.6120,1.6720,-0.06
2019-08-21,1.6090,1.6690,-0.19
2019-08-22,1.6140,1.6740,0.31
2019-08-23,1.6250,1.6850,0.68
2019-08-26,1.6030,1.6630,-1.35
2019-08-27,1.6240,1.6840,1.31
2019-08-28,1.6180,1.6780,-0.37
2019-08-29,1.6130,1.6730,-0.31
2019-08-30,1.6170,1.6770,0.25
2019-09-02,1.6360,1.6960,1.18
2019-09-03,1.6380,1.6980,0.12
2019-09-04,1.6520,1.7120,0.85
2019-09-05,1.6680,1.7280,0.97
2019-09-06,1.6790,1.7390,0.66
2019-09-09,1.6880,1.7480,0.54
2019-09-10,1.6830,1.7430,-0.30
2019-09-11,1.6710,1.7310,-0.71
2019-09-12,1.6880,1.7480,1.02
2019-09-16,1.6820,1.7420,-0.36
2019-09-17,1.6560,1.7160,-1.55
2019-09-18,1.6630,1.7230,0.42
2019-09-19,1.6690,1.7290,0.36
2019-09-20,1.6730,1.7330,0.24
2019-09-23,1.6550,1.7150,-1.08
2019-09-24,1.6590,1.7190,0.24
2019-09-25,1.6490,1.7090,-0.60
2019-09-26,1.6370,1.6970,-0.73
2019-09-27,1.6420,1.7020,0.31
2019-09-30,1.6290,1.6890,-0.79
2019-10-08,1.6380,1.6980,0.55
2019-10-09,1.6400,1.7000,0.12
2019-10-10,1.6530,1.7130,0.79
2019-10-11,1.6680,1.7280,0.91
2019-10-14,1.6850,1.7450,1.02
2019-10-15,1.6780,1.7380,-0.42
2019-10-16,1.6730,1.7330,-0.30
2019-10-17,1.6740,1.7340,0.06
2019-10-18,1.6510,1.7110,-1.37
2019-10-21,1.6560,1.7160,0.30
2019-10-22,1.6620,1.7220,0.36
2019-10-23,1.6520,1.7120,-0.60
2019-10-24,1.6510,1.7110,-0.06
2019-10-25,1.6630,1.7230,0.73
2019-10-28,1.6750,1.7350,0.72
2019-10-29,1.6680,1.7280,-0.42
2019-10-30,1.6610,1.7210,-0.42
2019-10-31,1.6600,1.7200,-0.06
2019-11-01,1.6860,1.7460,1.57
2019-11-04,1.6960,1.7560,0.59
2019-11-05,1.7070,1.7670,0.65
2019-11-06,1.7000,1.7600,-0.41
2019-11-07,1.7030,1.7630,0.18
2019-11-08,1.6960,1.7560,-0.41
2019-11-11,1.6680,1.7280,-1.65
2019-11-12,1.6680,1.7280,0.00
2019-11-13,1.6660,1.7260,-0.12
2019-11-14,1.6690,1.7290,0.18
2019-11-15,1.6580,1.7180,-0.66
2019-11-18,1.6740,1.7340,0.97
2019-11-19,1.6900,1.7500,0.96
2019-11-20,1.6750,1.7350,-0.89
2019-11-21,1.6670,1.7270,-0.48
2019-11-22,1.6510,1.7110,-0.96
2019-11-25,1.6630,1.7230,0.73
2019-11-26,1.6680,1.7280,0.30
2019-11-27,1.6620,1.7220,-0.36
2019-11-28,1.6560,1.7160,-0.36
2019-11-29,1.6430,1.7030,-0.79
2019-12-02,1.6460,1.7060,0.18
2019-12-03,1.6520,1.7120,0.36
2019-12-04,1.6510,1.7110,-0.06
2019-12-05,1.6620,1.7220,0.67
2019-12-06,1.6710,1.7310,0.54
2019-12-09,1.6680,1.7280,-0.18
2019-12-10,1.6710,1.7310,0.18
2019-12-11,1.6720,1.7320,0.06
2019-12-12,1.6680,1.7280,-0.24
2019-12-13,1.7000,1.7600,1.92
2019-12-16,1.7070,1.7670,0.41
2019-12-17,1.7290,1.7890,1.29
2019-12-18,1.7260,1.7860,-0.17
2019-12-19,1.7250,1.7850,-0.06
2019-12-20,1.7210,1.7810,-0.23
2019-12-23,1.7010,1.7610,-1.16
2019-12-24,1.7120,1.7720,0.65
2019-12-25,1.7110,1.7710,-0.06
2019-12-26,1.7260,1.7860,0.88
2019-12-27,1.7240,1.7840,-0.12
2019-12-30,1.7480,1.8080,1.39
2019-12-31,1.7540,1.8140,0.34
2020-01-02,1.7770,1.8370,1.31
2020-01-03,1.7740,1.8340,-0.17
2020-01-06,1.7680,1.8280,-0.34
2020-01-07,1.7810,1.8410,0.74
2020-01-08,1.7620,1.8220,-1.07
2020-01-09,1.7820,1.8420,1.14
2020-01-10,1.7820,1.8420,0.00
2020-01-13,1.7980,1.8580,0.90
2020-01-14,1.7930,1.8530,-0.28
2020-01-15,1.7840,1.8440,-0.50
2020-01-16,1.7770,1.8370,-0.39
2020-01-17,1.7800,1.8400,0.17
2020-01-20,1.7940,1.8540,0.79
2020-01-21,1.7650,1.8250,-1.62
2020-01-22,1.7730,1.8330,0.45
2020-01-23,1.7210,1.7810,-2.93
2020-02-03,1.5910,1.6510,-7.55
2020-02-04,1.6310,1.6910,2.51
2020-02-05,1.6520,1.7120,1.29
2020-02-06,1.6800,1.7400,1.69
2020-02-07,1.6790,1.7390,-0.06
2020-02-10,1.6850,1.7450,0.36
2020-02-11,1.7020,1.7620,1.01
2020-02-12,1.7160,1.7760,0.82
2020-02-13,1.7090,1.7690,-0.41
2020-02-14,1.7190,1.7790,0.59
2020-02-17,1.7560,1.8160,2.15
2020-02-18,1.7510,1.8110,-0.28
2020-02-19,1.7490,1.8090,-0.11
2020-02-20,1.7840,1.8440,2.00
2020-02-21,1.7900,1.8500,0.34
2020-02-24,1.7820,1.8420,-0.45
2020-02-25,1.7780,1.8380,-0.22
2020-02-26,1.7590,1.8190,-1.07
2020-02-27,1.7680,1.8280,0.51
2020-02-28,1.7090,1.7690,-3.34
2020-03-02,1.7620,1.8220,3.10
2020-03-03,1.7710,1.8310,0.51
2020-03-04,1.7810,1.8410,0.56
2020-03-05,1.8190,1.8790,2.13
2020-03-06,1.7920,1.8520,-1.48
2020-03-09,1.7340,1.7940,-3.24
2020-03-10,1.7690,1.8290,2.02
2020-03-11,1.7470,1.8070,-1.24
2020-03-12,1.7150,1.7750,-1.83
2020-03-13,1.6920,1.7520,-1.34
2020-03-16,1.6240,1.6840,-4.02
2020-03-17,1.6160,1.6760,-0.49
2020-03-18,1.5860,1.6460,-1.86
2020-03-19,1.5650,1.6250,-1.32
2020-03-20,1.5920,1.6520,1.73
2020-03-23,1.5420,1.6020,-3.14
2020-03-24,1.5810,1.6410,2.53
2020-03-25,1.6210,1.6810,2.53
2020-03-26,1.6120,1.6720,-0.56
2020-03-27,1.6170,1.6770,0.31
2020-03-30,1.6020,1.6620,-0.93
2020-03-31,1.6070,1.6670,0.31
2020-04-01,1.6020,1.6620,-0.31
2020-04-02,1.6260,1.6860,1.50
2020-04-03,1.6180,1.6780,-0.49
2020-04-07,1.6530,1.7130,2.16
2020-04-08,1.6460,1.7060,-0.42
2020-04-09,1.6510,1.7110,0.30
2020-04-10,1.6420,1.7020,-0.55
2020-04-13,1.6360,1.6960,-0.37
2020-04-14,1.6650,1.7250,1.77
2020-04-15,1.6540,1.7140,-0.66
2020-04-16,1.6570,1.7170,0.18
2020-04-17,1.6720,1.7320,0.91
2020-04-20,1.6820,1.7420,0.60
2020-04-21,1.6640,1.7240,-1.07
2020-04-22,1.6770,1.7370,0.78
2020-04-23,1.6730,1.7330,-0.24
2020-04-24,1.6600,1.7200,-0.78
2020-04-27,1.6710,1.7310,0.66
2020-04-28,1.6820,1.7420,0.66
2020-04-29,1.6910,1.7510,0.54
2020-04-30,1.7100,1.7700,1.12
2020-05-06,1.7190,1.7790,0.53
2020-05-07,1.7150,1.7750,-0.23
2020-05-08,1.7330,1.7930,1.05
2020-05-11,1.7340,1.7940,0.06
2020-05-12,1.7340,1.7940,0.00
2020-05-13,1.7370,1.7970,0.17
2020-05-14,1.7200,1.7800,-0.98
2020-05-15,1.7150,1.7750,-0.29
2020-05-18,1.7210,1.7810,0.35
2020-05-19,1.7350,1.7950,0.81
2020-05-20,1.7270,1.7870,-0.46
2020-05-21,1.7190,1.7790,-0.46
2020-05-22,1.6820,1.7420,-2.15
2020-05-25,1.6840,1.7440,0.12
2020-05-26,1.7020,1.7620,1.07
2020-05-27,1.6910,1.7510,-0.65
2020-05-28,1.6960,1.7560,0.30
2020-05-29,1.7020,1.7620,0.35
2020-06-01,1.7450,1.8050,2.53
2020-06-02,1.7510,1.8110,0.34
2020-06-03,1.7520,1.8120,0.06
2020-06-04,1.7510,1.8110,-0.06
2020-06-05,1.7600,1.8200,0.51
2020-06-08,1.7700,1.8300,0.57
2020-06-09,1.7810,1.8410,0.62
2020-06-10,1.7800,1.8400,-0.06
2020-06-11,1.7640,1.8240,-0.90
2020-06-12,1.7680,1.8280,0.23
2020-06-15,1.7460,1.8060,-1.24
2020-06-16,1.7720,1.8320,1.49
2020-06-17,1.7740,1.8340,0.11
2020-06-18,1.7860,1.8460,0.68
2020-06-19,1.8120,1.8720,1.46
2020-06-22,1.8170,1.8770,0.28
2020-06-23,1.8260,1.8860,0.50
2020-06-24,1.8360,1.8960,0.55
2020-06-29,1.8230,1.8830,-0.71
2020-06-30,1.8490,1.9090,1.43
2020-07-01,1.8850,1.9450,1.95
2020-07-02,1.9230,1.9830,2.02
2020-07-03,1.9590,2.0190,1.87
2020-07-06,2.0640,2.1240,5.36
2020-07-07,2.0770,2.1370,0.63
2020-07-08,2.1130,2.1730,1.73
2020-07-09,2.1440,2.2040,1.47
2020-07-10,2.1130,2.1730,-1.45
2020-07-13,2.1570,2.2170,2.08
2020-07-14,2.1410,2.2010,-0.74
2020-07-15,2.1220,2.1820,-0.89
2020-07-16,2.0240,2.0840,-4.62
2020-07-17,2.0400,2.1000,0.79
2020-07-20,2.1010,2.1610,2.99
2020-07-21,2.1090,2.1690,0.38
2020-07-22,2.1240,2.1840,0.71
2020-07-23,2.1240,2.1840,0.00
2020-07-24,2.0360,2.0960,-4.14
2020-07-27,2.0450,2.1050,0.44
2020-07-28,2.0620,2.1220,0.83
2020-07-29,2.1120,2.1720,2.42
2020-07-30,2.1020,2.1620,-0.47
2020-07-31,2.1230,2.1830,1.00
2020-08-03,2.1560,2.2160,1.55
2020-08-04,2.1580,2.2180,0.09
2020-08-05,2.1590,2.2190,0.05
2020-08-06,2.1540,2.2140,-0.23
2020-08-07,2.1300,2.1900,-1.11
2020-08-10,2.1400,2.2000,0.47
2020-08-11,2.1220,2.1820,-0.84
2020-08-12,2.1090,2.1690,-0.61
2020-08-13,2.1050,2.1650,-0.19
2020-08-14,2.1350,2.1950,1.43
2020-08-17,2.1850,2.2450,2.34
2020-08-18,2.1840,2.2440,-0.05
2020-08-19,2.1530,2.2130,-1.42
2020-08-20,2.1280,2.1880,-1.16
2020-08-21,2.1450,2.2050,0.80
2020-08-24,2.1750,2.2350,1.40
2020-08-25,2.1800,2.2400,0.23
2020-08-26,2.1560,2.2160,-1.10
2020-08-27,2.1670,2.2270,0.51
2020-08-28,2.2180,2.2780,2.35
2020-08-31,2.2060,2.2660,-0.54
2020-09-01,2.2200,2.2800,0.63
2020-09-02,2.2210,2.2810,0.05
2020-09-03,2.2100,2.2700,-0.50
2020-09-04,2.1910,2.2510,-0.86
2020-09-07,2.1470,2.2070,-2.01
2020-09-08,2.1580,2.2180,0.51
2020-09-09,2.1100,2.1700,-2.22
2020-09-10,2.1100,2.1700,0.00
2020-09-11,2.1300,2.1900,0.95
2020-09-14,2.1410,2.2010,0.52
2020-09-15,2.1570,2.2170,0.75
2020-09-16,2.1460,2.2060,-0.51
2020-09-17,2.1360,2.1960,-0.47
2020-09-18,2.1820,2.2420,2.15
2020-09-21,2.1640,2.2240,-0.82
2020-09-22,2.1400,2.2000,-1.11
2020-09-23,2.1470,2.2070,0.33
2020-09-24,2.1100,2.1700,-1.72
2020-09-25,2.1120,2.1720,0.09
2020-09-28,2.1190,2.1790,0.33
2020-09-29,2.1240,2.1840,0.24
2020-09-30,2.1210,2.1810,-0.14
2020-10-09,2.1630,2.2230,1.98
2020-10-12,2.2250,2.2850,2.87
2020-10-13,2.2320,2.2920,0.31
2020-10-14,2.2180,2.2780,-0.63
2020-10-15,2.2170,2.2770,-0.05
2020-10-16,2.2140,2.2740,-0.14
2020-10-19,2.1980,2.2580,-0.72
2020-10-20,2.2150,2.2750,0.77
2020-10-21,2.2150,2.2750,0.00
2020-10-22,2.2090,2.2690,-0.27
2020-10-23,2.1830,2.2430,-1.18
2020-10-26,2.1720,2.2320,-0.50
2020-10-27,2.1760,2.2360,0.18
2020-10-28,2.1930,2.2530,0.78
2020-10-29,2.2200,2.2800,1.23
2020-10-30,2.1880,2.2480,-1.44
2020-11-02,2.2000,2.2600,0.55
2020-11-03,2.2250,2.2850,1.14
2020-11-04,2.2410,2.3010,0.72
2020-11-05,2.2730,2.3330,1.43
2020-11-06,2.2740,2.3340,0.04
2020-11-09,2.3180,2.3780,1.93
2020-11-10,2.3050,2.3650,-0.56
2020-11-11,2.2840,2.3440,-0.91
2020-11-12,2.2860,2.3460,0.09
2020-11-13,2.2640,2.3240,-0.96
2020-11-16,2.2840,2.3440,0.88
2020-11-17,2.2800,2.3400,-0.18
2020-11-18,2.2800,2.3400,0.00
2020-11-19,2.2960,2.3560,0.70
2020-11-20,2.3020,2.3620,0.26
2020-11-23,2.3300,2.3900,1.22
2020-11-24,2.3180,2.3780,-0.52
2020-11-25,2.2900,2.3500,-1.21
2020-11-26,2.2940,2.3540,0.17
2020-11-27,2.3220,2.3820,1.22
2020-11-30,2.3130,2.3730,-0.39
2020-12-01,2.3580,2.4180,1.95
2020-12-02,2.3590,2.4190,0.04
2020-12-03,2.3540,2.4140,-0.21
2020-12-04,2.3590,2.4190,0.21
2020-12-07,2.3390,2.3990,-0.85
2020-12-08,2.3340,2.3940,-0.21
2020-12-09,2.3040,2.3640,-1.29
2020-12-10,2.3030,2.3630,-0.04
2020-12-11,2.2810,2.3410,-0.96
2020-12-14,2.2990,2.3590,0.79
2020-12-15,2.3040,2.3640,0.22
2020-12-16,2.3090,2.3690,0.22
2020-12-17,2.3370,2.3970,1.21
2020-12-18,2.3300,2.3900,-0.30
2020-12-21,2.3510,2.4110,0.90
2020-12-22,2.3160,2.3760,-1.49
2020-12-23,2.3350,2.3950,0.82
2020-12-24,2.3320,2.3920,-0.13
2020-12-25,2.3510,2.4110,0.81
2020-12-28,2.3610,2.4210,0.43
2020-12-29,2.3510,2.4110,-0.42
2020-12-30,2.3850,2.4450,1.45
2020-12-31,2.4290,2.4890,1.84
2021-01-04,2.4540,2.5140,1.03
2021-01-05,2.4980,2.5580,1.79
2021-01-06,2.5200,2.5800,0.88
2021-01-07,2.5630,2.6230,1.71
2021-01-08,2.5550,2.6150,-0.31
2021-01-11,2.5300,2.5900,-0.98
2021-01-12,2.5980,2.6580,2.69
2021-01-13,2.5890,2.6490,-0.35
2021-01-14,2.5430,2.6030,-1.78
2021-01-15,2.5380,2.5980,-0.20
2021-01-18,2.5640,2.6240,1.02
2021-01-19,2.5280,2.5880,-1.40
2021-01-20,2.5450,2.6050,0.67
2021-01-21,2.5850,2.6450,1.57
2021-01-22,2.5910,2.6510,0.23
2021-01-25,2.6160,2.6760,0.96
2021-01-26,2.5660,2.6260,-1.91
2021-01-27,2.5720,2.6320,0.23
2021-01-28,2.5060,2.5660,-2.57
2021-01-29,2.4950,2.5550,-0.44
2021-02-01,2.5240,2.5840,1.16
2021-02-02,2.5610,2.6210,1.47
2021-02-03,2.5550,2.6150,-0.23
2021-02-04,2.5500,2.6100,-0.20
2021-02-05,2.5540,2.6140,0.16
2021-02-08,2.5910,2.6510,1.45
2021-02-09,2.6470,2.7070,2.16
2021-02-10,2.7010,2.7610,2.04
2021-02-18,2.6830,2.7430,-0.67
2021-02-19,2.6870,2.7470,0.15
2021-02-22,2.6050,2.6650,-3.05
2021-02-23,2.5980,2.6580,-0.27
2021-02-24,2.5350,2.5950,-2.42
2021-02-25,2.5500,2.6100,0.59
2021-02-26,2.4910,2.5510,-2.31
2021-03-01,2.5280,2.5880,1.49
2021-03-02,2.4970,2.5570,-1.23
2021-03-03,2.5450,2.6050,1.92
2021-03-04,2.4690,2.5290,-2.99
2021-03-05,2.4610,2.5210,-0.32
2021-03-08,2.3790,2.4390,-3.33
2021-03-09,2.3310,2.3910,-2.02
2021-03-10,2.3460,2.4060,0.64
2021-03-11,2.4040,2.4640,2.47
2021-03-12,2.4120,2.4720,0.33
2021-03-15,2.3620,2.4220,-2.07
2021-03-16,2.3820,2.4420,0.85
2021-03-17,2.3920,2.4520,0.42
2021-03-18,2.4100,2.4700,0.75
2021-03-19,2.3510,2.4110,-2.45
2021-03-22,2.3730,2.4330,0.94
2021-03-23,2.3520,2.4120,-0.88
2021-03-24,2.3160,2.3760,-1.53
2021-03-25,2.3170,2.3770,0.04
2021-03-26,2.3670,2.4270,2.16
2021-03-29,2.3720,2.4320,0.21
2021-03-30,2.3930,2.4530,0.89
2021-03-31,2.3730,2.4330,-0.84
2021-04-01,2.4010,2.4610,1.18
2021-04-02,2.4240,2.4840,0.96
2021-04-06,2.4150,2.4750,-0.37
2021-04-07,2.3990,2.4590,-0.66
2021-04-08,2.4030,2.4630,0.17
2021-04-09,2.3710,2.4310,-1.33
2021-04-12,2.3320,2.3920,-1.64
2021-04-13,2.3290,2.3890,-0.13
2021-04-14,2.3470,2.4070,0.77
2021-04-15,2.3350,2.3950,-0.51
2021-04-16,2.3430,2.4030,0.34
2021-04-19,2.3980,2.4580,2.35
2021-04-20,2.3960,2.4560,-0.08
2021-04-21,2.4030,2.4630,0.29
2021-04-22,2.4010,2.4610,-0.08
2021-04-23,2.4220,2.4820,0.87
2021-04-26,2.3980,2.4580,-0.99
2021-04-27,2.4060,2.4660,0.33
2021-04-28,2.4200,2.4800,0.58
2021-04-29,2.4400,2.5000,0.83
2021-04-30,2.4230,2.4830,-0.70
2021-05-06,2.3950,2.4550,-1.16
2021-05-07,2.3660,2.4260,-1.21
2021-05-10,2.3640,2.4240,-0.08
2021-05-11,2.3790,2.4390,0.63
2021-05-12,2.3890,2.4490,0.42
2021-05-13,2.3670,2.4270,-0.92
2021-05-14,2.4190,2.4790,2.20
2021-05-17,2.4540,2.5140,1.45
2021-05-18,2.4550,2.5150,0.04
2021-05-19,2.4500,2.5100,-0.20
2021-05-20,2.4580,2.5180,0.33
2021-05-21,2.4360,2.4960,-0.90
2021-05-24,2.4460,2.5060,0.41
2021-05-25,2.5190,2.5790,2.98
2021-05-26,2.5200,2.5800,0.04
2021-05-27,2.5280,2.5880,0.32
2021-05-28,2.5220,2.5820,-0.24
2021-05-31,2.5270,2.5870,0.20
2021-06-01,2.5320,2.5920,0.20
2021-06-02,2.5100,2.5700,-0.87
2021-06-03,2.4960,2.5560,-0.56
2021-06-04,2.5090,2.5690,0.52
2021-06-07,2.5090,2.5690,0.00
2021-06-08,2.4910,2.5510,-0.72
2021-06-09,2.4950,2.5550,0.16
2021-06-10,2.5110,2.5710,0.64
2021-06-11,2.4910,2.5510,-0.80
2021-06-15,2.4620,2.5220,-1.16
2021-06-16,2.4250,2.4850,-1.50
2021-06-17,2.4370,2.4970,0.49
2021-06-18,2.4380,2.4980,0.04
2021-06-21,2.4340,2.4940,-0.16
2021-06-22,2.4490,2.5090,0.62
2021-06-23,2.4630,2.5230,0.57
2021-06-24,2.4670,2.5270,0.16
2021-06-25,2.5070,2.5670,1.62
2021-06-28,2.5130,2.5730,0.24
2021-06-29,2.4870,2.5470,-1.03
2021-06-30,2.5050,2.5650,0.72
2021-07-01,2.5080,2.5680,0.12
2021-07-02,2.4400,2.5000,-2.71
2021-07-05,2.4420,2.5020,0.08
2021-07-06,2.4430,2.5030,0.04
2021-07-07,2.4710,2.5310,1.15
2021-07-08,2.4500,2.5100,-0.85
2021-07-09,2.4450,2.5050,-0.20
2021-07-12,2.4740,2.5340,1.19
2021-07-13,2.4820,2.5420,0.32
2021-07-14,2.4550,2.5150,-1.09
2021-07-15,2.4880,2.5480,1.34
2021-07-16,2.4640,2.5240,-0.96
2021-07-19,2.4730,2.5330,0.37
2021-07-20,2.4710,2.5310,-0.08
2021-07-21,2.4880,2.5480,0.69
2021-07-22,2.4950,2.5550,0.28
2021-07-23,2.4680,2.5280,-1.08
2021-07-26,2.3940,2.4540,-3.00
2021-07-27,2.3150,2.3750,-3.30
2021-07-28,2.3200,2.3800,0.22
2021-07-29,2.3620,2.4220,1.81
2021-07-30,2.3450,2.4050,-0.72
2021-08-02,2.4020,2.4620,2.43
2021-08-03,2.4020,2.4620,0.00
2021-08-04,2.4230,2.4830,0.87
2021-08-05,2.4110,2.4710,-0.50
2021-08-06,2.4000,2.4600,-0.46
2021-08-09,2.4290,2.4890,1.21
2021-08-10,2.4560,2.5160,1.11
2021-08-11,2.4450,2.5050,-0.45
2021-08-12,2.4270,2.4870,-0.74
2021-08-13,2.4150,2.4750,-0.49
2021-08-16,2.4130,2.4730,-0.08
2021-08-17,2.3660,2.4260,-1.95
2021-08-18,2.3940,2.4540,1.18
2021-08-19,2.3800,2.4400,-0.58
2021-08-20,2.3400,2.4000,-1.68
2021-08-23,2.3730,2.4330,1.41
2021-08-24,2.3980,2.4580,1.05
2021-08-25,2.4040,2.4640,0.25
2021-08-26,2.3590,2.4190,-1.87
2021-08-27,2.3710,2.4310,0.51
2021-08-30,2.3640,2.4240,-0.30
2021-08-31,2.3610,2.4210,-0.13
2021-09-01,2.3910,2.4510,1.27
2021-09-02,2.3910,2.4510,0.00
2021-09-03,2.3790,2.4390,-0.50
2021-09-06,2.4200,2.4800,1.72
2021-09-07,2.4470,2.5070,1.12
2021-09-08,2.4380,2.4980,-0.37
2021-09-09,2.4370,2.4970,-0.04
2021-09-10,2.4580,2.5180,0.86
2021-09-13,2.4480,2.5080,-0.41
2021-09-14,2.4160,2.4760,-1.31
2021-09-15,2.3930,2.4530,-0.95
2021-09-16,2.3650,2.4250,-1.17
2021-09-17,2.3880,2.4480,0.97
2021-09-22,2.3720,2.4320,-0.67
2021-09-23,2.3870,2.4470,0.63
2021-09-24,2.3850,2.4450,-0.08
2021-09-27,2.3980,2.4580,0.55
2021-09-28,2.4010,2.4610,0.13
2021-09-29,2.3780,2.4380,-0.96
2021-09-30,2.3930,2.4530,0.63
2021-10-08,2.4220,2.4820,1.21
2021-10-11,2.4250,2.4850,0.12
2021-10-12,2.4000,2.4600,-1.03
2021-10-13,2.4260,2.4860,1.08
2021-10-14,2.4140,2.4740,-0.49
2021-10-15,2.4230,2.4830,0.37
2021-10-18,2.3960,2.4560,-1.11
2021-10-19,2.4180,2.4780,0.92
2021-10-20,2.4130,2.4730,-0.21
2021-10-21,2.4210,2.4810,0.33
2021-10-22,2.4360,2.4960,0.62
2021-10-25,2.4460,2.5060,0.41
2021-10-26,2.4380,2.4980,-0.33
2021-10-27,2.4080,2.4680,-1.23
2021-10-28,2.3920,2.4520,-0.66
2021-10-29,2.4130,2.4730,0.88
2021-11-01,2.4040,2.4640,-0.37
2021-11-02,2.3810,2.4410,-0.96
2021-11-03,2.3720,2.4320,-0.38
2021-11-04,2.3940,2.4540,0.93
2021-11-05,2.3820,2.4420,-0.50
2021-11-08,2.3840,2.4440,0.08
2021-11-09,2.3840,2.4440,0.00
2021-11-10,2.3720,2.4320,-0.50
2021-11-11,2.4070,2.4670,1.48
2021-11-12,2.4040,2.4640,-0.12
2021-11-15,2.4020,2.4620,-0.08
2021-11-16,2.4040,2.4640,0.08
2021-11-17,2.4060,2.4660,0.08
2021-11-18,2.3840,2.4440,-0.91
2021-11-19,2.4090,2.4690,1.05
2021-11-22,2.4200,2.4800,0.46
2021-11-23,2.4200,2.4800,0.00
2021-11-24,2.4220,2.4820,0.08
2021-11-25,2.4150,2.4750,-0.29
2021-11-26,2.4030,2.4630,-0.50
2021-11-29,2.4000,2.4600,-0.12
2021-11-30,2.3900,2.4500,-0.42
2021-12-01,2.3960,2.4560,0.25
2021-12-02,2.4020,2.4620,0.25
2021-12-03,2.4230,2.4830,0.87
2021-12-06,2.4190,2.4790,-0.17
2021-12-07,2.4330,2.4930,0.58
2021-12-08,2.4680,2.5280,1.44
2021-12-09,2.5070,2.5670,1.58
2021-12-10,2.4940,2.5540,-0.52
2021-12-13,2.5050,2.5650,0.44
2021-12-14,2.4890,2.5490,-0.64
2021-12-15,2.4690,2.5290,-0.80
2021-12-16,2.4830,2.5430,0.57
2021-12-17,2.4460,2.5060,-1.49
2021-12-20,2.4120,2.4720,-1.39
2021-12-21,2.4270,2.4870,0.62
2021-12-22,2.4280,2.4880,0.04
2021-12-23,2.4440,2.5040,0.66
2021-12-24,2.4310,2.4910,-0.53
2021-12-27,2.4290,2.4890,-0.08
2021-12-28,2.0100,2.5040,0.62
2021-12-29,1.9820,2.4760,-1.39
2021-12-30,1.9960,2.4900,0.71
2021-12-31,2.0030,2.4970,0.35
2022-01-04,1.9950,2.4890,-0.40
2022-01-05,1.9760,2.4700,-0.95
2022-01-06,1.9570,2.4510,-0.96
2022-01-07,1.9580,2.4520,0.05
2022-01-10,1.9660,2.4600,0.41
2022-01-11,1.9490,2.4430,-0.86
2022-01-12,1.9670,2.4610,0.92
2022-01-13,1.9370,2.4310,-1.53
2022-01-14,1.9210,2.4150,-0.83
2022-01-17,1.9370,2.4310,0.83
2022-01-18,1.9550,2.4490,0.93
2022-01-19,1.9420,2.4360,-0.66
2022-01-20,1.9580,2.4520,0.82
2022-01-21,1.9420,2.4360,-0.82
2022-01-24,1.9440,2.4380,0.10
2022-01-25,1.9020,2.3960,-2.16
2022-01-26,1.9160,2.4100,0.74
2022-01-27,1.8800,2.3740,-1.88
2022-01-28,1.8590,2.3530,-1.12
2022-02-07,1.8850,2.3790,1.40
2022-02-08,1.8760,2.3700,-0.48
2022-02-09,1.8920,2.3860,0.85
2022-02-10,1.8880,2.3820,-0.21
2022-02-11,1.8730,2.3670,-0.79
2022-02-14,1.8540,2.3480,-1.01
2022-02-15,1.8720,2.3660,0.97
2022-02-16,1.8790,2.3730,0.37
2022-02-17,1.8830,2.3770,0.21
2022-02-18,1.8920,2.3860,0.48
2022-02-21,1.8860,2.3800,-0.32
2022-02-22,1.8640,2.3580,-1.17
2022-02-23,1.8820,2.3760,0.97
2022-02-24,1.8460,2.3400,-1.91
2022-02-25,1.8620,2.3560,0.87
2022-02-28,1.8650,2.3590,0.16
2022-03-01,1.8800,2.3740,0.80
2022-03-02,1.8640,2.3580,-0.85
2022-03-03,1.8540,2.3480,-0.54
2022-03-04,1.8330,2.3270,-1.13
2022-03-07,1.7770,2.2710,-3.06
2022-03-08,1.7440,2.2380,-1.86
2022-03-09,1.7290,2.2230,-0.86
2022-03-10,1.7540,2.2480,1.45
2022-03-11,1.7600,2.2540,0.34
2022-03-14,1.7100,2.2040,-2.84
2022-03-15,1.6360,2.1300,-4.33
2022-03-16,1.7020,2.1960,4.03
2022-03-17,1.7340,2.2280,1.88
2022-03-18,1.7450,2.2390,0.63
2022-03-21,1.7420,2.2360,-0.17
2022-03-22,1.7410,2.2350,-0.06
2022-03-23,1.7490,2.2430,0.46
2022-03-24,1.7390,2.2330,-0.57
2022-03-25,1.7100,2.2040,-1.67
2022-03-28,1.7000,2.1940,-0.58
2022-03-29,1.6940,2.1880,-0.35
2022-03-30,1.7400,2.2340,2.72
2022-03-31,1.7280,2.2220,-0.69
2022-04-01,1.7490,2.2430,1.22
2022-04-06,1.7440,2.2380,-0.29
2022-04-07,1.7220,2.2160,-1.26
2022-04-08,1.7310,2.2250,0.52
2022-04-11,1.6800,2.1740,-2.95
2022-04-12,1.7110,2.2050,1.85
2022-04-13,1.6960,2.1900,-0.88
2022-04-14,1.7160,2.2100,1.18
2022-04-15,1.7150,2.2090,-0.06
2022-04-18,1.7060,2.2000,-0.52
2022-04-19,1.6940,2.1880,-0.70
2022-04-20,1.6700,2.1640,-1.42
2022-04-21,1.6420,2.1360,-1.68
2022-04-22,1.6490,2.1430,0.43
2022-04-25,1.5760,2.0700,-4.43
2022-04-26,1.5640,2.0580,-0.76
2022-04-27,1.6060,2.1000,2.69
2022-04-28,1.6140,2.1080,0.50
2022-04-29,1.6500,2.1440,2.23
2022-05-05,1.6480,2.1420,-0.12
2022-05-06,1.6090,2.1030,-2.37
2022-05-09,1.5960,2.0900,-0.81
2022-05-10,1.6130,2.1070,1.07
2022-05-11,1.6340,2.1280,1.30
2022-05-12,1.6270,2.1210,-0.43
2022-05-13,1.6390,2.1330,0.74
2022-05-16,1.6260,2.1200,-0.79
2022-05-17,1.6450,2.1390,1.17
2022-05-18,1.6400,2.1340,-0.30
2022-05-19,1.6430,2.1370,0.18
2022-05-20,1.6730,2.1670,1.83
2022-05-23,1.6640,2.1580,-0.54
2022-05-24,1.6270,2.1210,-2.22
2022-05-25,1.6370,2.1310,0.61
2022-05-26,1.6420,2.1360,0.31
2022-05-27,1.6450,2.1390,0.18
2022-05-30,1.6560,2.1500,0.67
2022-05-31,1.6806,2.1746,1.49
2022-06-01,1.6780,2.1720,-0.15
2022-06-02,1.6815,2.1755,0.21
2022-06-06,1.7113,2.2053,1.77
2022-06-07,1.7164,2.2104,0.30
2022-06-08,1.7331,2.2271,0.97
2022-06-09,1.7163,2.2103,-0.97
2022-06-10,1.7413,2.2353,1.46
2022-06-13,1.7221,2.2161,-1.10
2022-06-14,1.7345,2.2285,0.72
2022-06-15,1.7562,2.2502,1.25
2022-06-16,1.7469,2.2409,-0.53
2022-06-17,1.7701,2.2641,1.33
2022-06-20,1.7795,2.2735,0.53
2022-06-21,1.7787,2.2727,-0.04
2022-06-22,1.7582,2.2522,-1.15
2022-06-23,1.7869,2.2809,1.63
2022-06-24,1.8068,2.3008,1.11
2022-06-27,1.5611,2.3191,1.01
2022-06-28,1.5760,2.3340,0.95
2022-06-29,1.5545,2.3125,-1.36
2022-06-30,1.5769,2.3349,1.44
2022-07-01,1.5709,2.3289,-0.38
2022-07-04,1.5806,2.3386,0.62
2022-07-05,1.5785,2.3365,-0.13
2022-07-06,1.5572,2.3152,-1.35
2022-07-07,1.5641,2.3221,0.44
2022-07-08,1.5602,2.3182,-0.25
2022-07-11,1.5366,2.2946,-1.51
2022-07-12,1.5248,2.2828,-0.77
2022-07-13,1.5276,2.2856,0.18
2022-07-14,1.5281,2.2861,0.03
2022-07-15,1.5076,2.2656,-1.34
2022-07-18,1.5220,2.2800,0.96
2022-07-19,1.5144,2.2724,-0.50
2022-07-20,1.5192,2.2772,0.32
2022-07-21,1.5042,2.2622,-0.99
2022-07-22,1.5052,2.2632,0.07
2022-07-25,1.4966,2.2546,-0.57
2022-07-26,1.5079,2.2659,0.76
2022-07-27,1.5010,2.2590,-0.46
2022-07-28,1.5014,2.2594,0.03
2022-07-29,1.4838,2.2418,-1.17
2022-08-01,1.4898,2.2478,0.40
2022-08-02,1.4629,2.2209,-1.81
2022-08-03,1.4498,2.2078,-0.90
2022-08-04,1.4614,2.2194,0.80
2022-08-05,1.4809,2.2389,1.33
2022-08-08,1.4780,2.2360,-0.20
2022-08-09,1.4808,2.2388,0.19
2022-08-10,1.4656,2.2236,-1.03
2022-08-11,1.4931,2.2511,1.88
2022-08-12,1.4930,2.2510,-0.01
2022-08-15,1.4912,2.2492,-0.12
2022-08-16,1.4889,2.2469,-0.15
2022-08-17,1.5018,2.2598,0.87
2022-08-18,1.4901,2.2481,-0.78
2022-08-19,1.4807,2.2387,-0.63
2022-08-22,1.4911,2.2491,0.70
2022-08-23,1.4846,2.2426,-0.44
2022-08-24,1.4585,2.2165,-1.76
2022-08-25,1.4701,2.2281,0.80
2022-08-26,1.4679,2.2259,-0.15
2022-08-29,1.4620,2.2200,-0.40
2022-08-30,1.4573,2.2153,-0.32
2022-08-31,1.4581,2.2161,0.05
2022-09-01,1.4465,2.2045,-0.80
2022-09-02,1.4398,2.1978,-0.46
2022-09-05,1.4371,2.1951,-0.19
2022-09-06,1.4494,2.2074,0.86
2022-09-07,1.4503,2.2083,0.06
2022-09-08,1.4447,2.2027,-0.39
2022-09-09,1.4633,2.2213,1.29
2022-09-13,1.4689,2.2269,0.38
2022-09-14,1.4538,2.2118,-1.03
2022-09-15,1.4411,2.1991,-0.87
2022-09-16,1.4097,2.1677,-2.18
2022-09-19,1.4083,2.1663,-0.10
2022-09-20,1.4101,2.1681,0.13
2022-09-21,1.4003,2.1583,-0.69
2022-09-22,1.3891,2.1471,-0.80
2022-09-23,1.3846,2.1426,-0.32
2022-09-26,1.3783,2.1363,-0.46
2022-09-27,1.3968,2.1548,1.34
2022-09-28,1.3758,2.1338,-1.50
2022-09-29,1.3752,2.1332,-0.04
2022-09-30,1.3677,2.1257,-0.55
2022-10-10,1.3397,2.0977,-2.05
2022-10-11,1.3418,2.0998,0.16
2022-10-12,1.3604,2.1184,1.39
2022-10-13,1.3502,2.1082,-0.75
2022-10-14,1.3802,2.1382,2.22
2022-10-17,1.3813,2.1393,0.08
2022-10-18,1.3786,2.1366,-0.20
2022-10-19,1.3580,2.1160,-1.49
2022-10-20,1.3513,2.1093,-0.49
2022-10-21,1.3475,2.1055,-0.28
2022-10-24,1.3113,2.0693,-2.69
2022-10-25,1.1725,2.0675,-0.14
2022-10-26,1.1814,2.0764,0.76
2022-10-27,1.1735,2.0685,-0.67
2022-10-28,1.1468,2.0418,-2.28
2022-10-31,1.1370,2.0320,-0.85
2022-11-01,1.1747,2.0697,3.32
2022-11-02,1.1876,2.0826,1.10
2022-11-03,1.1789,2.0739,-0.73
2022-11-04,1.2144,2.1094,3.01
2022-11-07,1.2169,2.1119,0.21
2022-11-08,1.2091,2.1041,-0.64
2022-11-09,1.1989,2.0939,-0.84
2022-11-10,1.1904,2.0854,-0.71
2022-11-11,1.2210,2.1160,2.57
2022-11-14,1.2225,2.1175,0.12
2022-11-15,1.2439,2.1389,1.75
2022-11-16,1.2347,2.1297,-0.74
2022-11-17,1.2299,2.1249,-0.39
2022-11-18,1.2249,2.1199,-0.41
2022-11-21,1.2152,2.1102,-0.79
2022-11-22,1.2154,2.1104,0.02
2022-11-23,1.2166,2.1116,0.10
2022-11-24,1.2113,2.1063,-0.44
2022-11-25,1.2169,2.1119,0.46
2022-11-28,1.2041,2.0991,-1.05
2022-11-29,1.2384,2.1334,2.85
2022-11-30,1.2396,2.1346,0.10
2022-12-01,1.2517,2.1467,0.98
2022-12-02,1.2448,2.1398,-0.55
2022-12-05,1.2673,2.1623,1.81
2022-12-06,1.2737,2.1687,0.51
2022-12-07,1.2707,2.1657,-0.24
2022-12-08,1.2710,2.1660,0.02
2022-12-09,1.2826,2.1776,0.91
2022-12-12,1.2687,2.1637,-1.08
2022-12-13,1.2664,2.1614,-0.18
2022-12-14,1.2699,2.1649,0.28
2022-12-15,1.2689,2.1639,-0.08
2022-12-16,1.2697,2.1647,0.06
2022-12-19,1.2514,2.1464,-1.44
2022-12-20,1.2322,2.1272,-1.53
2022-12-21,1.2327,2.1277,0.04
2022-12-22,1.2342,2.1292,0.12
2022-12-23,1.2319,2.1269,-0.19
2022-12-26,1.2365,2.1315,0.37
2022-12-27,1.2513,2.1463,1.20
2022-12-28,1.2462,2.1412,-0.41
2022-12-29,1.2416,2.1366,-0.37
2022-12-30,1.2461,2.1411,0.36
2022-12-31,1.2460,2.1410,-0.01
2023-01-03,1.2509,2.1459,0.39
2023-01-04,1.2524,2.1474,0.12
2023-01-05,1.2751,2.1701,1.81
2023-01-06,1.2788,2.1738,0.29
2023-01-09,1.2884,2.1834,0.75
2023-01-10,1.2896,2.1846,0.09
2023-01-11,1.2874,2.1824,-0.17
2023-01-12,1.2898,2.1848,0.19
2023-01-13,1.3066,2.2016,1.30
2023-01-16,1.3256,2.2206,1.45
2023-01-17,1.3254,2.2204,-0.02
2023-01-18,1.3233,2.2183,-0.16
2023-01-19,1.3311,2.2261,0.59
2023-01-20,1.3387,2.2337,0.57
2023-01-30,1.3442,2.2392,0.41
2023-01-31,1.3310,2.2260,-0.98
2023-02-01,1.3426,2.2376,0.87
2023-02-02,1.3383,2.2333,-0.32
2023-02-03,1.3266,2.2216,-0.87
2023-02-06,1.3102,2.2052,-1.24
2023-02-07,1.3124,2.2074,0.17
2023-02-08,1.3070,2.2020,-0.41
2023-02-09,1.3236,2.2186,1.27
2023-02-10,1.3163,2.2113,-0.55
2023-02-13,1.3273,2.2223,0.84
2023-02-14,1.3277,2.2227,0.03
2023-02-15,1.3213,2.2163,-0.48
2023-02-16,1.3123,2.2073,-0.68
2023-02-17,1.2947,2.1897,-1.34
2023-02-20,1.3241,2.2191,2.27
2023-02-21,1.3274,2.2224,0.25
2023-02-22,1.3162,2.2112,-0.84
2023-02-23,1.3152,2.2102,-0.08
2023-02-24,1.3025,2.1975,-0.97
2023-02-27,1.2976,2.1926,-0.38
2023-02-28,1.3052,2.2002,0.59
2023-03-01,1.3224,2.2174,1.32
2023-03-02,1.3196,2.2146,-0.21
2023-03-03,1.3235,2.2185,0.30
2023-03-06,1.3170,2.2120,-0.49
2023-03-07,1.2990,2.1940,-1.37
2023-03-08,1.2946,2.1896,-0.34
2023-03-09,1.2905,2.1855,-0.32
2023-03-10,1.2746,2.1696,-1.23
2023-03-13,1.2869,2.1819,0.97
2023-03-14,1.2798,2.1748,-0.55
2023-03-15,1.2804,2.1754,0.05
2023-03-16,1.2661,2.1611,-1.12
2023-03-17,1.2720,2.1670,0.47
2023-03-20,1.2660,2.1610,-0.47
2023-03-21,1.2789,2.1739,1.02
2023-03-22,1.2839,2.1789,0.39
2023-03-23,1.2957,2.1907,0.92
2023-03-24,1.2921,2.1871,-0.28
2023-03-27,1.2877,2.1827,-0.34
2023-03-28,1.2837,2.1787,-0.31
2023-03-29,1.2857,2.1807,0.16
2023-03-30,1.2954,2.1904,0.75
2023-03-31,1.2992,2.1942,0.29
2023-04-03,1.3110,2.2060,0.91
2023-04-04,1.3147,2.2097,0.28
2023-04-06,1.3128,2.2078,-0.14
2023-04-07,1.3207,2.2157,0.60
2023-04-10,1.3160,2.2110,-0.36
2023-04-11,1.3145,2.2095,-0.11
2023-04-12,1.3136,2.2086,-0.07
2023-04-13,1.3051,2.2001,-0.65
2023-04-14,1.3120,2.2070,0.53
2023-04-17,1.3291,2.2241,1.30
2023-04-18,1.3329,2.2279,0.29
2023-04-19,1.3217,2.2167,-0.84
2023-04-20,1.3184,2.2134,-0.25
2023-04-21,1.2945,2.1895,-1.81
2023-04-24,1.2796,2.1746,-1.15
2023-04-25,1.2736,2.1686,-0.47
2023-04-26,1.2729,2.1679,-0.05
2023-04-27,1.2817,2.1767,0.69
2023-04-28,1.2939,2.1889,0.95
2023-05-04,1.2940,2.1890,0.01
2023-05-05,1.2899,2.1849,-0.32
2023-05-08,1.3035,2.1985,1.05
2023-05-09,1.2932,2.1882,-0.79
2023-05-10,1.2840,2.1790,-0.71
2023-05-11,1.2822,2.1772,-0.14
2023-05-12,1.2665,2.1615,-1.22
2023-05-15,1.2848,2.1798,1.44
2023-05-16,1.2788,2.1738,-0.47
2023-05-17,1.2735,2.1685,-0.41
2023-05-18,1.2725,2.1675,-0.08
2023-05-19,1.2698,2.1648,-0.21
2023-05-22,1.2772,2.1722,0.58
2023-05-23,1.2605,2.1555,-1.31
2023-05-24,1.2444,2.1394,-1.28
2023-05-25,1.2420,2.1370,-0.19
2023-05-26,1.2424,2.1374,0.03
2023-05-29,1.2374,2.1324,-0.40
2023-05-30,1.2386,2.1336,0.10
2023-05-31,1.2274,2.1224,-0.90
2023-06-01,1.2308,2.1258,0.28
2023-06-02,1.2475,2.1425,1.36
2023-06-05,1.2422,2.1372,-0.42
2023-06-06,1.2313,2.1263,-0.88
2023-06-07,1.2261,2.1211,-0.42
2023-06-08,1.2354,2.1304,0.76
2023-06-09,1.2410,2.1360,0.45
2023-06-12,1.2432,2.1382,0.18
2023-06-13,1.2502,2.1452,0.56
2023-06-14,1.2512,2.1462,0.08
2023-06-15,1.2698,2.1648,1.49
2023-06-16,1.2820,2.1770,0.96
2023-06-19,1.2745,2.1695,-0.59
2023-06-20,1.2735,2.1685,-0.08
2023-06-21,1.2557,2.1507,-1.40
2023-06-26,1.2393,2.1343,-1.31
2023-06-27,1.2510,2.1460,0.94
2023-06-28,1.2497,2.1447,-0.10
2023-06-29,1.2452,2.1402,-0.36
2023-06-30,1.2532,2.1482,0.64
2023-07-03,1.2677,2.1627,1.16
2023-07-04,1.2699,2.1649,0.17
2023-07-05,1.2611,2.1561,-0.69
2023-07-06,1.2538,2.1488,-0.58
2023-07-07,1.2486,2.1436,-0.41
2023-07-10,1.2540,2.1490,0.43
2023-07-11,1.2619,2.1569,0.63
2023-07-12,1.2548,2.1498,-0.56
2023-07-13,1.2734,2.1684,1.48
2023-07-14,1.2744,2.1694,0.08
2023-07-17,1.2664,2.1614,-0.63
2023-07-18,1.2630,2.1580,-0.27
2023-07-19,1.2611,2.1561,-0.15
2023-07-20,1.2515,2.1465,-0.76
2023-07-21,1.2513,2.1463,-0.02
2023-07-24,1.2465,2.1415,-0.38
2023-07-25,1.2793,2.1743,2.63
2023-07-26,1.2762,2.1712,-0.24
2023-07-27,1.2743,2.1693,-0.15
2023-07-28,1.3015,2.1965,2.13
2023-07-31,1.3081,2.2031,0.51
2023-08-01,1.3034,2.1984,-0.36
2023-08-02,1.2952,2.1902,-0.63
2023-08-03,1.3054,2.2004,0.79
2023-08-04,1.3109,2.2059,0.42
2023-08-07,1.3014,2.1964,-0.72
2023-08-08,1.2980,2.1930,-0.26
2023-08-09,1.2940,2.1890,-0.31
2023-08-10,1.2971,2.1921,0.24
2023-08-11,1.2697,2.1647,-2.11
2023-08-14,1.2615,2.1565,-0.65
2023-08-15,1.2583,2.1533,-0.25
2023-08-16,1.2489,2.1439,-0.75
2023-08-17,1.2530,2.1480,0.33
2023-08-18,1.2383,2.1333,-1.17
2023-08-21,1.2220,2.1170,-1.32
2023-08-22,1.2310,2.1260,0.74
2023-08-23,1.2115,2.1065,-1.58
2023-08-24,1.2197,2.1147,0.68
2023-08-25,1.2150,2.1100,-0.39
2023-08-28,1.2282,2.1232,1.09
2023-08-29,1.2409,2.1359,1.03
2023-08-30,1.2413,2.1363,0.03
2023-08-31,1.2338,2.1288,-0.60
2023-09-01,1.2412,2.1362,0.60
2023-09-04,1.2579,2.1529,1.35
2023-09-05,1.2491,2.1441,-0.70
2023-09-06,1.2464,2.1414,-0.22
2023-09-07,1.2297,2.1247,-1.34
2023-09-08,1.2244,2.1194,-0.43
2023-09-11,1.2333,2.1283,0.73
2023-09-12,1.2312,2.1262,-0.17
2023-09-13,1.2233,2.1183,-0.64
2023-09-14,1.2221,2.1171,-0.10
2023-09-15,1.2149,2.1099,-0.59
2023-09-18,1.2206,2.1156,0.47
2023-09-19,1.2180,2.1130,-0.21
2023-09-20,1.2135,2.1085,-0.37
2023-09-21,1.2037,2.0987,-0.81
2023-09-22,1.2240,2.1190,1.69
2023-09-25,1.2165,2.1115,-0.61
2023-09-26,1.2104,2.1054,-0.50
2023-09-27,1.2130,2.1080,0.21
2023-09-28,1.2102,2.1052,-0.23
2023-10-09,1.2088,2.1038,-0.12
2023-10-10,1.2003,2.0953,-0.70
2023-10-11,1.2037,2.0987,0.28
2023-10-12,1.2142,2.1092,0.87
2023-10-13,1.2020,2.0970,-1.00
2023-10-16,1.1906,2.0856,-0.95
2023-10-17,1.1945,2.0895,0.33
2023-10-18,1.1851,2.0801,-0.79
2023-10-19,1.1622,2.0572,-1.93
2023-10-20,1.1549,2.0499,-0.63
2023-10-23,1.1425,2.0375,-1.07
2023-10-24,1.1464,2.0414,0.34
2023-10-25,1.1519,2.0469,0.48
2023-10-26,1.1548,2.0498,0.25
2023-10-27,1.1695,2.0645,1.27
2023-10-30,1.1761,2.0711,0.56
2023-10-31,1.1727,2.0677,-0.29
2023-11-01,1.1723,2.0673,-0.03
2023-11-02,1.1671,2.0621,-0.44
2023-11-03,1.1763,2.0713,0.79
2023-11-06,1.1910,2.0860,1.25
2023-11-07,1.1871,2.0821,-0.33
2023-11-08,1.1844,2.0794,-0.23
2023-11-09,1.1849,2.0799,0.04
2023-11-10,1.1769,2.0719,-0.68
2023-11-13,1.1747,2.0697,-0.19
2023-11-14,1.1755,2.0705,0.07
2023-11-15,1.1831,2.0781,0.65
2023-11-16,1.1725,2.0675,-0.90
2023-11-17,1.1712,2.0662,-0.11
2023-11-20,1.1736,2.0686,0.20
2023-11-21,1.1750,2.0700,0.12
2023-11-22,1.1640,2.0590,-0.94
2023-11-23,1.1692,2.0642,0.45
2023-11-24,1.1620,2.0570,-0.62
2023-11-27,1.1540,2.0490,-0.69
2023-11-28,1.1560,2.0510,0.17
2023-11-29,1.1468,2.0418,-0.80
2023-11-30,1.1492,2.0442,0.21
2023-12-01,1.1451,2.0401,-0.36
2023-12-04,1.1380,2.0330,-0.62
2023-12-05,1.1180,2.0130,-1.76
2023-12-06,1.1196,2.0146,0.14
2023-12-07,1.1170,2.0120,-0.23
2023-12-08,1.1196,2.0146,0.23
2023-12-11,1.1257,2.0207,0.54
2023-12-12,1.1279,2.0229,0.20
2023-12-13,1.1104,2.0054,-1.55
2023-12-14,1.1050,2.0000,-0.49
2023-12-15,1.1018,1.9968,-0.29
2023-12-18,1.0980,1.9930,-0.34
2023-12-19,1.0994,1.9944,0.13
2023-12-20,1.0892,1.9842,-0.93
2023-12-21,1.0987,1.9937,0.87
2023-12-22,1.1006,1.9956,0.17
2023-12-25,1.1035,1.9985,0.26
2023-12-26,1.0966,1.9916,-0.63
2023-12-27,1.1000,1.9950,0.31
2023-12-28,1.1227,2.0177,2.06
2023-12-29,1.1266,2.0216,0.35
2023-12-31,1.1265,2.0215,-0.01
2024-01-02,1.1129,2.0079,-1.21
2024-01-03,1.1105,2.0055,-0.22
2024-01-04,1.1015,1.9965,-0.81
2024-01-05,1.0959,1.9909,-0.51
2024-01-08,1.0830,1.9780,-1.18
2024-01-09,1.0848,1.9798,0.17
2024-01-10,1.0802,1.9752,-0.42
2024-01-11,1.0856,1.9806,0.50
2024-01-12,1.0824,1.9774,-0.29
2024-01-15,1.0814,1.9764,-0.09
2024-01-16,1.0874,1.9824,0.55
2024-01-17,1.0654,1.9604,-2.02
2024-01-18,1.0792,1.9742,1.30
2024-01-19,1.0777,1.9727,-0.14
2024-01-22,1.0623,1.9573,-1.43
2024-01-23,1.0662,1.9612,0.37
2024-01-24,1.0798,1.9748,1.28
2024-01-25,1.0997,1.9947,1.84
2024-01-26,1.0970,1.9920,-0.25
2024-01-29,1.0879,1.9829,-0.83
2024-01-30,1.0701,1.9651,-1.64
2024-01-31,1.0613,1.9563,-0.82
2024-02-01,1.0620,1.9570,0.07
2024-02-02,1.0506,1.9456,-1.07
2024-02-05,1.0568,1.9518,0.59
2024-02-06,1.0901,1.9851,3.15
2024-02-07,1.0997,1.9947,0.88
2024-02-08,1.1062,2.0012,0.59
2024-02-19,1.1176,2.0126,1.03
2024-02-20,1.1197,2.0147,0.19
2024-02-21,1.1335,2.0285,1.23
2024-02-22,1.1424,2.0374,0.79
2024-02-23,1.1434,2.0384,0.09
2024-02-26,1.1323,2.0273,-0.97
2024-02-27,1.1448,2.0398,1.10
2024-02-28,1.1315,2.0265,-1.16
2024-02-29,1.1512,2.0462,1.74
2024-03-01,1.1578,2.0528,0.57
2024-03-04,1.1587,2.0537,0.08
2024-03-05,1.1660,2.0610,0.63
2024-03-06,1.1616,2.0566,-0.38
2024-03-07,1.1552,2.0502,-0.55
2024-03-08,1.1597,2.0547,0.39
2024-03-11,1.1730,2.0680,1.15
2024-03-12,1.1755,2.0705,0.21
2024-03-13,1.1680,2.0630,-0.64
2024-03-14,1.1650,2.0600,-0.26
2024-03-15,1.1672,2.0622,0.19
2024-03-18,1.1773,2.0723,0.87
2024-03-19,1.1696,2.0646,-0.65
2024-03-20,1.1719,2.0669,0.20
2024-03-21,1.1706,2.0656,-0.11
2024-03-22,1.1597,2.0547,-0.93
2024-03-25,1.1539,2.0489,-0.50
2024-03-26,1.1592,2.0542,0.46
2024-03-27,1.1470,2.0420,-1.05
2024-03-28,1.1525,2.0475,0.48
2024-03-29,1.1575,2.0525,0.43
2024-04-01,1.1748,2.0698,1.49
2024-04-02,1.1703,2.0653,-0.38
2024-04-03,1.1665,2.0615,-0.32
2024-04-08,1.1570,2.0520,-0.81
2024-04-09,1.1562,2.0512,-0.07
2024-04-10,1.1476,2.0426,-0.74
2024-04-11,1.1474,2.0424,-0.02
2024-04-12,1.1391,2.0341,-0.72
2024-04-15,1.1609,2.0559,1.91
2024-04-16,1.1494,2.0444,-0.99
2024-04-17,1.1656,2.0606,1.41
2024-04-18,1.1667,2.0617,0.09
2024-04-19,1.1586,2.0536,-0.69
2024-04-22,1.1555,2.0505,-0.27
2024-04-23,1.1482,2.0432,-0.63
2024-04-24,1.1528,2.0478,0.40
2024-04-25,1.1552,2.0502,0.21
2024-04-26,1.1714,2.0664,1.40
2024-04-29,1.1832,2.0782,1.01
2024-04-30,1.1781,2.0731,-0.43
2024-05-06,1.1941,2.0891,1.36
2024-05-07,1.1944,2.0894,0.03
2024-05-08,1.1857,2.0807,-0.73
2024-05-09,1.1962,2.0912,0.89
2024-05-10,1.1968,2.0918,0.05
2024-05-13,1.1964,2.0914,-0.03
2024-05-14,1.1941,2.0891,-0.19
2024-05-15,1.1853,2.0803,-0.74
2024-05-16,1.1892,2.0842,0.33
2024-05-17,1.1996,2.0946,0.87
2024-05-20,1.2028,2.0978,0.27
2024-05-21,1.1991,2.0941,-0.31
2024-05-22,1.2021,2.0971,0.25
2024-05-23,1.1908,2.0858,-0.94
2024-05-24,1.1790,2.0740,-0.99
2024-05-27,1.1885,2.0835,0.81
2024-05-28,1.1805,2.0755,-0.67
2024-05-29,1.1817,2.0767,0.10
2024-05-30,1.1764,2.0714,-0.45
2024-05-31,1.1720,2.0670,-0.37
2024-06-03,1.1746,2.0696,0.22
2024-06-04,1.1827,2.0777,0.69
2024-06-05,1.1769,2.0719,-0.49
2024-06-06,1.1765,2.0715,-0.03
2024-06-07,1.1716,2.0666,-0.42
2024-06-11,1.1623,2.0573,-0.79
2024-06-12,1.1629,2.0579,0.05
2024-06-13,1.1580,2.0530,-0.42
2024-06-14,1.1636,2.0586,0.48
2024-06-17,1.1618,2.0568,-0.15
2024-06-18,1.1648,2.0598,0.26
2024-06-19,1.1612,2.0562,-0.31
2024-06-20,1.1538,2.0488,-0.64
2024-06-21,1.1518,2.0468,-0.17
2024-06-24,1.1462,2.0412,-0.49
2024-06-25,1.0244,2.0356,-0.49
2024-06-26,1.0313,2.0425,0.67
2024-06-27,1.0247,2.0359,-0.64
2024-06-28,1.0275,2.0387,0.27
2024-06-30,1.0274,2.0386,-0.01
2024-07-01,1.0316,2.0428,0.41
2024-07-02,1.0297,2.0409,-0.18
2024-07-03,1.0276,2.0388,-0.20
2024-07-04,1.0228,2.0340,-0.47
2024-07-05,1.0190,2.0302,-0.37
2024-07-08,1.0115,2.0227,-0.74
2024-07-09,1.0229,2.0341,1.13
2024-07-10,1.0210,2.0322,-0.19
2024-07-11,1.0337,2.0449,1.24
2024-07-12,1.0362,2.0474,0.24
2024-07-15,1.0375,2.0487,0.13
2024-07-16,1.0445,2.0557,0.67
2024-07-17,1.0458,2.0570,0.12
2024-07-18,1.0514,2.0626,0.54
2024-07-19,1.0571,2.0683,0.54
2024-07-22,1.0505,2.0617,-0.62
2024-07-23,1.0299,2.0411,-1.96
2024-07-24,1.0243,2.0355,-0.54
2024-07-25,1.0192,2.0304,-0.50
2024-07-26,1.0230,2.0342,0.37
2024-07-29,1.0181,2.0293,-0.48
2024-07-30,1.0125,2.0237,-0.55
2024-07-31,1.0326,2.0438,1.99
2024-08-01,1.0264,2.0376,-0.60
2024-08-02,1.0166,2.0278,-0.95
2024-08-05,1.0052,2.0164,-1.12
2024-08-06,1.0052,2.0164,0.00
2024-08-07,1.0047,2.0159,-0.05
2024-08-08,1.0052,2.0164,0.05
2024-08-09,1.0023,2.0135,-0.29
2024-08-12,1.0007,2.0119,-0.16
2024-08-13,1.0030,2.0142,0.23
2024-08-14,0.9962,2.0074,-0.68
2024-08-15,1.0055,2.0167,0.93
2024-08-16,1.0070,2.0182,0.15
2024-08-19,1.0100,2.0212,0.30
2024-08-20,1.0033,2.0145,-0.66
2024-08-21,1.0002,2.0114,-0.31
2024-08-22,0.9979,2.0091,-0.23
2024-08-23,1.0021,2.0133,0.42
2024-08-26,1.0014,2.0126,-0.07
2024-08-27,0.9962,2.0074,-0.52
2024-08-28,0.9915,2.0027,-0.47
2024-08-29,0.9890,2.0002,-0.25
2024-08-30,1.0012,2.0124,1.23
2024-09-02,0.9850,1.9962,-1.62
2024-09-03,0.9875,1.9987,0.25
2024-09-04,0.9812,1.9924,-0.64
2024-09-05,0.9828,1.9940,0.16
2024-09-06,0.9752,1.9864,-0.77
2024-09-09,0.9644,1.9756,-1.11
2024-09-10,0.9651,1.9763,0.07
2024-09-11,0.9625,1.9737,-0.27
2024-09-12,0.9587,1.9699,-0.39
2024-09-13,0.9550,1.9662,-0.39
2024-09-18,0.9582,1.9694,0.34
2024-09-19,0.9654,1.9766,0.75
2024-09-20,0.9669,1.9781,0.16
2024-09-23,0.9701,1.9813,0.33
2024-09-24,1.0092,2.0204,4.03
2024-09-25,1.0221,2.0333,1.28
2024-09-26,1.0622,2.0734,3.92
2024-09-27,1.1055,2.1167,4.08
2024-09-30,1.1905,2.2017,7.69
2024-10-08,1.2521,2.2633,5.17
2024-10-09,1.1742,2.1854,-6.22
2024-10-10,1.1857,2.1969,0.98
2024-10-11,1.1548,2.1660,-2.61
2024-10-14,1.1743,2.1855,1.69
2024-10-15,1.1453,2.1565,-2.47
2024-10-16,1.1384,2.1496,-0.60
2024-10-17,1.1261,2.1373,-1.08
2024-10-18,1.1652,2.1764,3.47
2024-10-21,1.1679,2.1791,0.23
2024-10-22,1.1741,2.1853,0.53
2024-10-23,1.1783,2.1895,0.36
2024-10-24,1.1656,2.1768,-1.08
2024-10-25,1.1734,2.1846,0.67
2024-10-28,1.1753,2.1865,0.16
2024-10-29,1.1645,2.1757,-0.92
2024-10-30,1.1548,2.1660,-0.83
2024-10-31,1.1552,2.1664,0.03
2024-11-01,1.1549,2.1661,-0.03
2024-11-04,1.1701,2.1813,1.32
2024-11-05,1.1980,2.2092,2.38
2024-11-06,1.1923,2.2035,-0.48
2024-11-07,1.2263,2.2375,2.85
2024-11-08,1.2145,2.2257,-0.96
2024-11-11,1.2218,2.2330,0.60
2024-11-12,1.2089,2.2201,-1.06
2024-11-13,1.2160,2.2272,0.59
2024-11-14,1.1959,2.2071,-1.65
2024-11-15,1.1762,2.1874,-1.65
2024-11-18,1.1711,2.1823,-0.43
2024-11-19,1.1786,2.1898,0.64
2024-11-20,1.1811,2.1923,0.21
2024-11-21,1.1821,2.1933,0.08
2024-11-22,1.1484,2.1596,-2.85
2024-11-25,1.1437,2.1549,-0.41
2024-11-26,1.1415,2.1527,-0.19
2024-11-27,1.1600,2.1712,1.62
2024-11-28,1.1505,2.1617,-0.82
2024-11-29,1.1629,2.1741,1.08
2024-12-02,1.1715,2.1827,0.74
2024-12-03,1.1728,2.1840,0.11
2024-12-04,1.1668,2.1780,-0.51
2024-12-05,1.1644,2.1756,-0.21
2024-12-06,1.1786,2.1898,1.22
2024-12-09,1.1767,2.1879,-0.16
2024-12-10,1.1848,2.1960,0.69
2024-12-11,1.1830,2.1942,-0.15
2024-12-12,1.1941,2.2053,0.94
2024-12-13,1.1675,2.1787,-2.23
2024-12-16,1.1614,2.1726,-0.52
2024-12-17,1.1642,2.1754,0.24
2024-12-18,1.1698,2.1810,0.48
2024-12-19,1.1707,2.1819,0.08
2024-12-20,1.1667,2.1779,-0.34
2024-12-23,1.1684,2.1796,0.15
2024-12-24,1.1823,2.1935,1.19
2024-12-25,1.1829,2.1941,0.05
2024-12-26,1.1834,2.1946,0.04
2024-12-27,1.1817,2.1929,-0.14
2024-12-30,1.1869,2.1981,0.44
2024-12-31,1.1690,2.1802,-1.51
2025-01-02,1.1371,2.1483,-2.73
2025-01-03,1.1245,2.1357,-1.11
2025-01-06,1.1227,2.1339,-0.16
2025-01-07,1.1304,2.1416,0.69
2025-01-08,1.1288,2.1400,-0.14
2025-01-09,1.1262,2.1374,-0.23
2025-01-10,1.1132,2.1244,-1.15
2025-01-13,1.1105,2.1217,-0.24
2025-01-14,1.1379,2.1491,2.47
2025-01-15,1.1312,2.1424,-0.59
2025-01-16,1.1324,2.1436,0.11
2025-01-17,1.1355,2.1467,0.27
2025-01-20,1.1405,2.1517,0.44
2025-01-21,1.1413,2.1525,0.07
2025-01-22,1.1316,2.1428,-0.85
2025-01-23,1.1340,2.1452,0.21
2025-01-24,1.1427,2.1539,0.77
2025-01-27,1.1384,2.1496,-0.38
2025-02-05,1.1321,2.1433,-0.55
2025-02-06,1.1455,2.1567,1.18
2025-02-07,1.1596,2.1708,1.23
2025-02-10,1.1619,2.1731,0.20
2025-02-11,1.1568,2.1680,-0.44
2025-02-12,1.1672,2.1784,0.90
2025-02-13,1.1629,2.1741,-0.37
2025-02-14,1.1724,2.1836,0.82
2025-02-17,1.1748,2.1860,0.20
2025-02-18,1.1650,2.1762,-0.83
2025-02-19,1.1727,2.1839,0.66
2025-02-20,1.1695,2.1807,-0.27
2025-02-21,1.1835,2.1947,1.20
2025-02-24,1.1809,2.1921,-0.22
2025-02-25,1.1685,2.1797,-1.05
2025-02-26,1.1781,2.1893,0.82
2025-02-27,1.1803,2.1915,0.19
2025-02-28,1.1584,2.1696,-1.86
2025-03-03,1.1584,2.1696,0.00
2025-03-04,1.1575,2.1687,-0.08
2025-03-05,1.1622,2.1734,0.41
2025-03-06,1.1773,2.1885,1.30
2025-03-07,1.1738,2.1850,-0.30
2025-03-10,1.1695,2.1807,-0.37
2025-03-11,1.1730,2.1842,0.30
2025-03-12,1.1689,2.1801,-0.35
2025-03-13,1.1645,2.1757,-0.38
2025-03-14,1.1910,2.2022,2.28
2025-03-17,1.1880,2.1992,-0.25
2025-03-18,1.1909,2.2021,0.24
2025-03-19,1.1910,2.2022,0.01
2025-03-20,1.1802,2.1914,-0.91
2025-03-21,1.1634,2.1746,-1.42
2025-03-24,1.1688,2.1800,0.46
2025-03-25,1.1681,2.1793,-0.06
2025-03-26,1.1645,2.1757,-0.31
2025-03-27,1.1680,2.1792,0.30
2025-03-28,1.1633,2.1745,-0.40
2025-03-31,1.1547,2.1659,-0.74
2025-04-01,1.1549,2.1661,0.02
2025-04-02,1.1540,2.1652,-0.08
2025-04-03,1.1477,2.1589,-0.55
2025-04-07,1.0717,2.0829,-6.62
2025-04-08,1.0888,2.1000,1.60
2025-04-09,1.0989,2.1101,0.93
2025-04-10,1.1124,2.1236,1.23
2025-04-11,1.1167,2.1279,0.39
2025-04-14,1.1192,2.1304,0.22
2025-04-15,1.1198,2.1310,0.05
2025-04-16,1.1231,2.1343,0.29
2025-04-17,1.1228,2.1340,-0.03
2025-04-18,1.1233,2.1345,0.04
2025-04-21,1.1266,2.1378,0.29
2025-04-22,1.1271,2.1383,0.04
2025-04-23,1.1279,2.1391,0.07
2025-04-24,1.1272,2.1384,-0.06
2025-04-25,1.1280,2.1392,0.07
2025-04-28,1.1265,2.1377,-0.13
2025-04-29,1.1247,2.1359,-0.16
2025-04-30,1.1237,2.1349,-0.09
2025-05-06,1.1342,2.1454,0.93
2025-05-07,1.1407,2.1519,0.57
2025-05-08,1.1466,2.1578,0.52
2025-05-09,1.1449,2.1561,-0.15
2025-05-12,1.1573,2.1685,1.08
2025-05-13,1.1590,2.1702,0.15
2025-05-14,1.1723,2.1835,1.15
2025-05-15,1.1624,2.1736,-0.84
2025-05-16,1.1574,2.1686,-0.43
2025-05-19,1.1540,2.1652,-0.29
2025-05-20,1.1601,2.1713,0.53
2025-05-21,1.1655,2.1767,0.47
2025-05-22,1.1648,2.1760,-0.06
2025-05-23,1.1560,2.1672,-0.76
2025-05-26,1.1499,2.1611,-0.53
2025-05-27,1.1441,2.1553,-0.50
2025-05-28,1.1433,2.1545,-0.07
2025-05-29,1.1497,2.1609,0.56
2025-05-30,1.1447,2.1559,-0.43
2025-06-03,1.1479,2.1591,0.28
2025-06-04,1.1527,2.1639,0.42
2025-06-05,1.1553,2.1665,0.23
2025-06-06,1.1550,2.1662,-0.03
2025-06-09,1.1581,2.1693,0.27
2025-06-10,1.1527,2.1639,-0.47
2025-06-11,1.1614,2.1726,0.75
2025-06-12,1.1620,2.1732,0.05
2025-06-13,1.1546,2.1658,-0.64
2025-06-16,1.1573,2.1685,0.23
2025-06-17,1.1564,2.1676,-0.08
2025-06-18,1.1580,2.1692,0.14
2025-06-19,1.1492,2.1604,-0.76
2025-06-20,1.1513,2.1625,0.18
2025-06-23,1.1545,2.1657,0.28
2025-06-24,1.1675,2.1787,1.13
2025-06-25,1.1841,2.1953,1.42
2025-06-26,1.1813,2.1925,-0.24
2025-06-27,1.1750,2.1862,-0.53
2025-06-30,1.1800,2.1912,0.43
2025-07-01,1.1818,2.1930,0.15
2025-07-02,1.1819,2.1931,0.01
2025-07-03,1.1888,2.2000,0.58
2025-07-04,1.1928,2.2040,0.34
2025-07-07,1.1885,2.1997,-0.36
2025-07-08,1.1980,2.2092,0.80
2025-07-09,1.1961,2.2073,-0.16
2025-07-10,1.2019,2.2131,0.48
2025-07-11,1.2049,2.2161,0.25
2025-07-14,1.2061,2.2173,0.10
2025-07-15,1.2067,2.2179,0.05
2025-07-16,1.2043,2.2155,-0.20
2025-07-17,1.2126,2.2238,0.69
2025-07-18,1.2207,2.2319,0.67
2025-07-21,1.2283,2.2395,0.62
2025-07-22,1.2379,2.2491,0.78
2025-07-23,1.2382,2.2494,0.02
2025-07-24,1.2463,2.2575,0.65
2025-07-25,1.2407,2.2519,-0.45
2025-07-28,1.2431,2.2543,0.19
2025-07-29,1.2473,2.2585,0.34
2025-07-30,1.2471,2.2583,-0.02
2025-07-31,1.2261,2.2373,-1.68
2025-08-01,1.2204,2.2316,-0.46
2025-08-04,1.2247,2.2359,0.35
2025-08-05,1.2338,2.2450,0.74
2025-08-06,1.2367,2.2479,0.24
2025-08-07,1.2370,2.2482,0.02
2025-08-08,1.2348,2.2460,-0.18
2025-08-11,1.2394,2.2506,0.37
2025-08-12,1.2453,2.2565,0.48
2025-08-13,1.2542,2.2654,0.71
2025-08-14,1.2535,2.2647,-0.06
2025-08-15,1.2618,2.2730,0.66
2025-08-18,1.2721,2.2833,0.82
2025-08-19,1.2677,2.2789,-0.35
2025-08-20,1.2813,2.2925,1.07
2025-08-21,1.2859,2.2971,0.36
2025-08-22,1.3114,2.3226,1.98
2025-08-25,1.3371,2.3483,1.96
2025-08-26,1.3324,2.3436,-0.35
2025-08-27,1.3139,2.3251,-1.39
2025-08-28,1.3356,2.3468,1.65
2025-08-29,1.3452,2.3564,0.72
2025-09-01,1.3528,2.3640,0.56
2025-09-02,1.3435,2.3547,-0.69
2025-09-03,1.3345,2.3457,-0.67
2025-09-04,1.3080,2.3192,-1.99
2025-09-05,1.3347,2.3459,2.04
2025-09-08,1.3366,2.3478,0.14
2025-09-09,1.3279,2.3391,-0.65
2025-09-10,1.3305,2.3417,0.20
2025-09-11,1.3594,2.3706,2.17
2025-09-12,1.3521,2.3633,-0.54
2025-09-15,1.3551,2.3663,0.22
2025-09-16,1.3527,2.3639,-0.18
2025-09-17,1.3608,2.3720,0.60
2025-09-18,1.3459,2.3571,-1.09
2025-09-19,1.3470,2.3582,0.08
2025-09-22,1.3527,2.3639,0.42
2025-09-23,1.3520,2.3632,-0.05
2025-09-24,1.3648,2.3760,0.95
2025-09-25,1.3726,2.3838,0.57
2025-09-26,1.3606,2.3718,-0.87
2025-09-29,1.3800,2.3912,1.43
2025-09-30,1.3859,2.3971,0.43
2025-10-09,1.4050,2.4162,1.38
2025-10-10,1.3792,2.3904,-1.84
2025-10-13,1.3729,2.3841,-0.46
2025-10-14,1.3575,2.3687,-1.12
2025-10-15,1.3764,2.3876,1.39
2025-10-16,1.3802,2.3914,0.28
2025-10-17,1.3515,2.3627,-2.08
2025-10-20,1.3579,2.3691,0.47
2025-10-21,1.3773,2.3885,1.43
2025-10-22,1.3730,2.3842,-0.31
2025-10-23,1.3769,2.3881,0.28
2025-10-24,1.3931,2.4043,1.18
2025-10-27,1.4085,2.4197,1.11
2025-10-28,1.4022,2.4134,-0.45
2025-10-29,1.4179,2.4291,1.12
2025-10-30,1.4073,2.4185,-0.75
2025-10-31,1.3881,2.3993,-1.36
2025-11-03,1.3916,2.4028,0.25
2025-11-04,1.3821,2.3933,-0.68
2025-11-05,1.3845,2.3957,0.17
2025-11-06,1.4028,2.4140,1.32
2025-11-07,1.3989,2.4101,-0.28
2025-11-10,1.4036,2.4148,0.34
2025-11-11,1.3916,2.4028,-0.85
2025-11-12,1.3899,2.4011,-0.12
2025-11-13,1.4055,2.4167,1.12
2025-11-14,1.3842,2.3954,-1.52
2025-11-17,1.3758,2.3870,-0.61
2025-11-18,1.3677,2.3789,-0.59
2025-11-19,1.3733,2.3845,0.41
2025-11-20,1.3670,2.3782,-0.46
2025-11-21,1.3359,2.3471,-2.28
2025-11-24,1.3345,2.3457,-0.10
2025-11-25,1.3463,2.3575,0.88
2025-11-26,1.3539,2.3651,0.56
2025-11-27,1.3532,2.3644,-0.05
2025-11-28,1.3565,2.3677,0.24
2025-12-01,1.3703,2.3815,1.02
2025-12-02,1.3641,2.3753,-0.45
2025-12-03,1.3576,2.3688,-0.48
2025-12-04,1.3619,2.3731,0.32
2025-12-05,1.3734,2.3846,0.84
2025-12-08,1.3837,2.3949,0.75
2025-12-09,1.3769,2.3881,-0.49
2025-12-10,1.3753,2.3865,-0.12
2025-12-11,1.3645,2.3757,-0.79
2025-12-12,1.3721,2.3833,0.56
2025-12-15,1.3644,2.3756,-0.56
2025-12-16,1.3494,2.3606,-1.10
2025-12-17,1.3726,2.3838,1.72
2025-12-18,1.3653,2.3765,-0.53
2025-12-19,1.3703,2.3815,0.37
2025-12-22,1.3824,2.3936,0.88
2025-12-23,1.3850,2.3962,0.19
2025-12-24,1.3887,2.3999,0.27
2025-12-25,1.3913,2.4025,0.19
2025-12-26,1.3954,2.4066,0.29
2025-12-29,1.3902,2.4014,-0.37
2025-12-30,1.3934,2.4046,0.23
2025-12-31,1.3874,2.3986,-0.43
2026-01-05,1.4120,2.4232,1.77
2026-01-06,1.4326,2.4438,1.46
2026-01-07,1.4286,2.4398,-0.28
2026-01-08,1.4177,2.4289,-0.76
2026-01-09,1.4237,2.4349,0.42
2026-01-12,1.4324,2.4436,0.61
2026-01-13,1.4243,2.4355,-0.57
2026-01-14,1.4192,2.4304,-0.36
2026-01-15,1.4218,2.4330,0.18
2026-01-16,1.4170,2.4282,-0.34
2026-01-19,1.4176,2.4288,0.04
2026-01-20,1.4133,2.4245,-0.30
2026-01-21,1.4145,2.4257,0.08
2026-01-22,1.4146,2.4258,0.01
2026-01-23,1.4090,2.4202,-0.40
2026-01-26,1.4103,2.4215,0.09
2026-01-27,1.4099,2.4211,-0.03
2026-01-28,1.4134,2.4246,0.25
2026-01-29,1.4235,2.4347,0.71
2026-01-30,1.4102,2.4214,-0.93
2026-02-02,1.3819,2.3931,-2.01
2026-02-03,1.3971,2.4083,1.10
2026-02-04,1.4079,2.4191,0.77
2026-02-05,1.4000,2.4112,-0.56
2026-02-06,1.3931,2.4043,-0.49
2026-02-09,1.4145,2.4257,1.54
2026-02-10,1.4164,2.4276,0.13
2026-02-11,1.4135,2.4247,-0.20
2026-02-12,1.4153,2.4265,0.13
2026-02-13,1.3987,2.4099,-1.17
2026-02-24,1.4119,2.4231,0.94
2026-02-25,1.4199,2.4311,0.57
2026-02-26,1.4174,2.4286,-0.18
2026-02-27,1.4128,2.4240,-0.32
2026-03-02,1.4178,2.4290,0.35
2026-03-03,1.3972,2.4084,-1.45
2026-03-04,1.3824,2.3936,-1.06
2026-03-05,1.3952,2.4064,0.93
2026-03-06,1.3989,2.4101,0.27
2026-03-09,1.3862,2.3974,-0.91
2026-03-10,1.4028,2.4140,1.20
2026-03-11,1.4111,2.4223,0.59
2026-03-12,1.4063,2.4175,-0.34
2026-03-13,1.4011,2.4123,-0.37
2026-03-16,1.4018,2.4130,0.05
2026-03-17,1.3923,2.4035,-0.68
2026-03-18,1.3981,2.4093,0.42
2026-03-19,1.3770,2.3882,-1.51
2026-03-20,1.3724,2.3836,-0.33
2026-03-23,1.3303,2.3415,-3.07
2026-03-24,1.3464,2.3576,1.21
2026-03-25,1.3643,2.3755,1.33
2026-03-26,1.3473,2.3585,-1.25
2026-03-27,1.3543,2.3655,0.52
2026-03-30,1.3513,2.3625,-0.22
2026-03-31,1.3395,2.3507,-0.87
2026-04-01,1.3611,2.3723,1.61
2026-04-02,1.3477,2.3589,-0.98
2026-04-03,1.3369,2.3481,-0.80
2026-04-07,1.3368,2.3480,-0.01
2026-04-08,1.3808,2.3920,3.29
2026-04-09,1.3724,2.3836,-0.61
2026-04-10,1.3924,2.4036,1.46
2026-04-13,1.3951,2.4063,0.19
2026-04-14,1.4107,2.4219,1.12
2026-04-15,1.4062,2.4174,-0.32
2026-04-16,1.4211,2.4323,1.06
2026-04-17,1.4189,2.4301,-0.15
2026-04-20,1.4270,2.4382,0.57
2026-04-21,1.4310,2.4422,0.28
2026-04-22,1.4412,2.4524,0.71
2026-04-23,1.4373,2.4485,-0.27
2026-04-24,1.4335,2.4447,-0.26
2026-04-27,1.4340,2.4452,0.03
2026-04-28,1.4303,2.4415,-0.26
2026-04-29,1.4452,2.4564,1.04
2026-04-30,1.4445,2.4557,-0.05
2026-05-06,1.4644,2.4756,1.38
2026-05-07,1.4709,2.4821,0.44
2026-05-08,1.4629,2.4741,-0.54
2026-05-11,1.4858,2.4970,1.57
2026-05-12,1.4849,2.4961,-0.06
2026-05-13,1.4997,2.5109,1.00
2026-05-14,1.4759,2.4871,-1.59
2026-05-15,1.4607,2.4719,-1.03
2026-05-18,1.4535,2.4647,-0.49
2026-05-19,1.4591,2.4703,0.39
2026-05-20,1.4588,2.4700,-0.02
2026-05-21,1.4395,2.4507,-1.32
2026-05-22,1.4573,2.4685,1.24
2026-05-25,1.4789,2.4901,1.48
2026-05-26,1.4863,2.4975,0.50
2026-05-27,1.4754,2.4866,-0.73
2026-05-28,1.4773,2.4885,0.13
2026-05-29,1.4713,2.4825,-0.41
2026-06-01,1.4575,2.4687,-0.94
2026-06-02,1.4775,2.4887,1.37
2026-06-03,1.4844,2.4956,0.47
2026-06-04,1.4750,2.4862,-0.63
2026-06-05,1.4505,2.4617,-1.66
2026-06-08,1.4212,2.4324,-2.02
2026-06-09,1.4464,2.4576,1.77
2026-06-10,1.4325,2.4437,-0.96
2026-06-11,1.4248,2.4360,-0.54
2026-06-12,1.4399,2.4511,1.06
2026-06-15,1.4717,2.4829,2.21
2026-06-16,1.4695,2.4807,-0.15
2026-06-17,1.4830,2.4942,0.92
2026-06-18,1.4861,2.4973,0.21
2026-06-22,1.5197,2.5309,2.26
2026-06-23,1.4798,2.4910,-2.63
2026-06-24,1.4875,2.4987,0.52
2026-06-25,1.5093,2.5205,1.47
2026-06-26,1.4684,2.4796,-2.71
2026-06-29,1.4862,2.4974,1.21
2026-06-30,1.5014,2.5126,1.02
2026-07-01,1.4958,2.5070,-0.37
2026-07-02,1.4548,2.4660,-2.74
2026-07-03,1.4632,2.4744,0.58
2026-07-06,1.4629,2.4741,-0.02
2026-07-07,1.4487,2.4599,-0.97
2026-07-08,1.4381,2.4493,-0.73
2026-07-09,1.4728,2.4840,2.41
2026-07-10,1.4470,2.4582,-1.75
2026-07-13,1.4228,2.4340,-1.67
2026-07-14,1.4517,2.4629,2.03
2026-07-15,1.4488,2.4600,-0.20
2026-07-16,1.4245,2.4357,-1.68
2026-07-17,1.3769,2.3881,-3.34
2026-07-20,1.3968,2.4080,1.45
2026-07-21,1.4375,2.4487,2.91
2026-07-22,1.4314,2.4426,-0.42
